"CODIGO CAPITULO","CAPITULO","CODIGO SUBCAPITULO","SUBCAPITULO","CODIGO ITEM","ITEM","UNIDAD","Vr MANO DE OBRA","TOTAL"
"1","EDIFICACIONES","1.01","PRELIMINARES","1.01.01","ABERTURA VANO PUERTA-VENTANA","M2","$7.229,86","$7.482,91"
"1","EDIFICACIONES","1.01","PRELIMINARES","1.01.02","ACARREO MATERIALES PETREOS-TIERRA-VARIOS (DISTANCIA DE 1 A 5 KM)","M3","$0,00","$1.722,5"
"1","EDIFICACIONES","1.01","PRELIMINARES","1.01.03","CERRAMIENTO ALAMBRE DE PUAS No. 12  5 HILOS POSTES DE MADERA. DISTANCIA ENTRE POSTES 2 M","ML","$10.844,80","$32.774,69"
"1","EDIFICACIONES","1.01","PRELIMINARES","1.01.04","CERRAMIENTO EN TABLA BURRA H=3.00  mts.","ML","$9.822,09","$53.090,74"
"1","EDIFICACIONES","1.01","PRELIMINARES","1.01.05","CONFIGURACIÓN-NIVELACIÓN TERRENO","M2","$180,75","$1.115,35"
"1","EDIFICACIONES","1.01","PRELIMINARES","1.01.06","CONFORMACIÓN COMPACTACIÓN SUBRASANTE CBR=95%","M2","$3.410,39","$6.405,63"
"1","EDIFICACIONES","1.01","PRELIMINARES","1.01.07","CORTE ARBOL (INCL.RAICES) H>3.0","UND","$12.277,60","$90.816,22"
"1","EDIFICACIONES","1.01","PRELIMINARES","1.01.08","CORTE DE ARBUSTO","UND","$4.970,53","$5.219,06"
"1","EDIFICACIONES","1.01","PRELIMINARES","1.01.09","CORTE RAIZ D = 30 cm - 80 cm","ML","$16.267,19","$17.080,55"
"1","EDIFICACIONES","1.01","PRELIMINARES","1.01.10","DEMOLICIÓN  CONCRETO CICLOPEO (INCLUYE RETIRO)","M3","$25.304,52","$172.783,75"
"1","EDIFICACIONES","1.01","PRELIMINARES","1.01.11","DEMOLICIÓN  SARDINEL  (INCLUYE RETIRO)","ML","$4.518,66","$4.676,81"
"1","EDIFICACIONES","1.01","PRELIMINARES","1.01.12","DEMOLICIÓN ALFAJIA CONCRETO  (INCLUYE RETIRO)","ML","$3.163,07","$3.321,22"
"1","EDIFICACIONES","1.01","PRELIMINARES","1.01.13","DEMOLICIÓN ANDEN/CONTRAPISO CONCRETO E > A 12CM","M2","$3.437,73","$16.281,5"
"1","EDIFICACIONES","1.01","PRELIMINARES","1.01.14","DEMOLICIÓN ANDEN/CONTRAPISO CONCRETO E= 7.6CM A 12CM","M2","$2.209,97","$11.093,31"
"1","EDIFICACIONES","1.01","PRELIMINARES","1.01.15","DEMOLICIÓN CAJA INSPECCION","UND","$11.748,53","$12.335,96"
"1","EDIFICACIONES","1.01","PRELIMINARES","1.01.16","DEMOLICIÓN CIELO FALSO ESTERILLA-ADOBE","M2","$10.558,74","$14.380,28"
"1","EDIFICACIONES","1.01","PRELIMINARES","1.01.17","DEMOLICIÓN CIELO FALSO ESTRUCTURA ALUMINIO (INCLUYE RETIRO)","M2","$1.355,60","$2.679,63"
"1","EDIFICACIONES","1.01","PRELIMINARES","1.01.18","DEMOLICIÓN CIMIENTO CONCRETO (INCLUYE RETIRO)","M3","$41.743,87","$190.045,06"
"1","EDIFICACIONES","1.01","PRELIMINARES","1.01.19","DEMOLICIÓN COLUMNA CONCRETO","M3","$27.111,99","$194.118,47"
"1","EDIFICACIONES","1.01","PRELIMINARES","1.01.20","DEMOLICIÓN CUNETA EN CONCRETO","ML","$4.970,53","$5.154,44"
"1","EDIFICACIONES","1.01","PRELIMINARES","1.01.21","DEMOLICION DE PISOS DE CONCRETO <=10 CMS","M2","$8.398,13","$28.611,96"
"1","EDIFICACIONES","1.01","PRELIMINARES","1.01.22","DEMOLICIÓN DE SUMIDEROS","UND","$4.970,53","$18.801,08"
"1","EDIFICACIONES","1.01","PRELIMINARES","1.01.23","DEMOLICIÓN EDIFICACION EXISTENTE","M2","$26.737,33","$36.918,85"
"1","EDIFICACIONES","1.01","PRELIMINARES","1.01.24","DEMOLICIÓN ENCHAPE CERAMICO","M2","$7.049,12","$7.225,35"
"1","EDIFICACIONES","1.01","PRELIMINARES","1.01.25","DEMOLICIÓN ESCALERA CONCRETO REFORZADO (INCLUYE RETIRO)","M3","$8.675,84","$31.529,11"
"1","EDIFICACIONES","1.01","PRELIMINARES","1.01.26","DEMOLICIÓN GUARDAESCOBA (INCLUYE RETIRO)","ML","$1.807,47","$1.825,54"
"1","EDIFICACIONES","1.01","PRELIMINARES","1.01.27","DEMOLICIÓN LAVADERO EXISTENTE","UND","$34.793,72","$36.185,47"
"1","EDIFICACIONES","1.01","PRELIMINARES","1.01.28","DEMOLICIÓN MESON CONCRETO (INCLUYE RETIRO)","M2","$24.400,79","$25.254,82"
"1","EDIFICACIONES","1.01","PRELIMINARES","1.01.29","DEMOLICIÓN MURO ADOBE (INCLUYE RETIRO)","M2","$2.259,33","$2.372,3"
"1","EDIFICACIONES","1.01","PRELIMINARES","1.01.30","DEMOLICIÓN MURO CONCRETO E=30CM","M2","$16.796,27","$66.374,08"
"1","EDIFICACIONES","1.01","PRELIMINARES","1.01.31","DEMOLICIÓN MURO CONCRETO HASTA E= 15CM","M2","$8.781,65","$30.577,64"
"1","EDIFICACIONES","1.01","PRELIMINARES","1.01.32","DEMOLICION MUROS EN LADRILLO E = 0.25 mts.","M2","$11.295,40","$11.860,17"
"1","EDIFICACIONES","1.01","PRELIMINARES","1.01.33","DEMOLICIÓN MUROS LADRILLO E = 0.15 mts.","M2","$9.822,09","$10.313,19"
"1","EDIFICACIONES","1.01","PRELIMINARES","1.01.34","DEMOLICIÓN PAÑETES","M2","$4.518,66","$4.609,03"
"1","EDIFICACIONES","1.01","PRELIMINARES","1.01.35","DEMOLICIÓN PAÑETES TECHO","M2","$4.970,53","$5.069,94"
"1","EDIFICACIONES","1.01","PRELIMINARES","1.01.36","DEMOLICIÓN PISO BALDOSA+MORTERO","M2","$2.259,33","$2.372,3"
"1","EDIFICACIONES","1.01","PRELIMINARES","1.01.37","DEMOLICIÓN PISO GRANO PULIDO","M2","$3.343,81","$3.444,12"
"1","EDIFICACIONES","1.01","PRELIMINARES","1.01.38","DEMOLICIÓN PLACA DE PISO E= 10 cm.","M2","$16.796,27","$46.878,88"
"1","EDIFICACIONES","1.01","PRELIMINARES","1.01.39","DEMOLICIÓN PLACAS ALIGERADAS CONCRETO E<= 25 cm.","M2","$8.005,75","$26.686,31"
"1","EDIFICACIONES","1.01","PRELIMINARES","1.01.40","DEMOLICIÓN PLACAS ALIGERADAS CONCRETO E>=25 cm.","M2","$9.813,22","$44.145,71"
"1","EDIFICACIONES","1.01","PRELIMINARES","1.01.41","DEMOLICIÓN PLACAS MACIZAS CONCRETO E <= 20 cm.","M2","$6.718,51","$36.297,24"
"1","EDIFICACIONES","1.01","PRELIMINARES","1.01.42","DEMOLICIÓN VIGA AMARRE CONCRETO < 25 CM - 35 CM","ML","$3.487,09","$5.610,96"
"1","EDIFICACIONES","1.01","PRELIMINARES","1.01.43","DEMOLICIÓN VIGA CANAL.","ML","$13.948,38","$16.107,94"
"1","EDIFICACIONES","1.01","PRELIMINARES","1.01.44","DEMOLICIÓN VIGA CONCRETO 25cm-35cm","ML","$3.811,12","$5.951,2"
"1","EDIFICACIONES","1.01","PRELIMINARES","1.01.45","DEMOLICIÓN VIGA CONCRETO 35cm-45cm","ML","$4.714,86","$8.849,64"
"1","EDIFICACIONES","1.01","PRELIMINARES","1.01.46","DESCAPOTE MANUAL (HASTA 20 CM ) DISTANCIA DE 1 A 5 KM","M2","$4.911,05","$8.052,73"
"1","EDIFICACIONES","1.01","PRELIMINARES","1.01.47","DESMONTE ADOQUIN PREFABRICADO","M2","$3.434,19","$3.588,73"
"1","EDIFICACIONES","1.01","PRELIMINARES","1.01.48","DESMONTE ALAMBRE PÚAS CERRAMIENTO 3 - 5 LÍNEAS INCLUYE POSTES.","ML","$7.230,02","$7.591,52"
"1","EDIFICACIONES","1.01","PRELIMINARES","1.01.49","DESMONTE CANALES - BAJANTES.","ML","$2.455,52","$5.017,13"
"1","EDIFICACIONES","1.01","PRELIMINARES","1.01.50","DESMONTE CIELO FALSO MADERA","M2","$3.100,08","$5.674,58"
"1","EDIFICACIONES","1.01","PRELIMINARES","1.01.51","DESMONTE CORREA METÁLICA","ML","$2.259,33","$4.817,02"
"1","EDIFICACIONES","1.01","PRELIMINARES","1.01.52","DESMONTE CORREA-VIGA-COLUMNA MADERA.","ML","$3.163,07","$4.733,83"
"1","EDIFICACIONES","1.01","PRELIMINARES","1.01.53","DESMONTE CUBIERTA TEJA DE BARRO.","M2","$24.555,22","$28.295,48"
"1","EDIFICACIONES","1.01","PRELIMINARES","1.01.54","DESMONTE CUBIERTAS TEJA DE ASBESTO Y/ O ASBESTO CEMENTO.","M2","$7.366,57","$9.523,9"
"1","EDIFICACIONES","1.01","PRELIMINARES","1.01.55","DESMONTE DE CUBIERTA LAMINA","M2","$5.038,88","$7.149,66"
"1","EDIFICACIONES","1.01","PRELIMINARES","1.01.56","DESMONTE DE CUBIERTA ZINC + ENTRAMADO.","M2","$11.008,90","$13.741,58"
"1","EDIFICACIONES","1.01","PRELIMINARES","1.01.57","DESMONTE DIVISIÓN - PISO A TECHO.","M2","$4.337,92","$4.598,2"
"1","EDIFICACIONES","1.01","PRELIMINARES","1.01.58","DESMONTE ESTRUCTURA MADERA CIELO FALSO","M2","$3.359,26","$5.938,95"
"1","EDIFICACIONES","1.01","PRELIMINARES","1.01.59","DESMONTE ESTRUCTURA MADERA TEJA EN ASBESTO CEMENTO","M2","$5.490,75","$8.113,06"
"1","EDIFICACIONES","1.01","PRELIMINARES","1.01.60","DESMONTE ESTRUCTURA MADERA TEJA DE BARRO","M2","$6.718,51","$13.134,13"
"1","EDIFICACIONES","1.01","PRELIMINARES","1.01.61","DESMONTE ESTRUCTURA METÁLICA PERFILES-VIGAS.","kg","$1.021,59","$3.394,45"
"1","EDIFICACIONES","1.01","PRELIMINARES","1.01.62","DESMONTE MALLA ESLABONADA H=2.0 M.","ML","$3.614,93","$3.687,23"
"1","EDIFICACIONES","1.01","PRELIMINARES","1.01.63","DESMONTE MARCOS, PUERTAS Y VENTANAS","M2","$9.822,09","$10.313,19"
"1","EDIFICACIONES","1.01","PRELIMINARES","1.01.64","DESMONTE REJA METÁLICA.","M2","$10.392,93","$10.912,58"
"1","EDIFICACIONES","1.01","PRELIMINARES","1.01.65","DESMONTE VIDRIO","M2","$2.259,33","$2.304,52"
"1","EDIFICACIONES","1.01","PRELIMINARES","1.01.66","INSTALACIÓN PROVISIONAL ACUEDUCTO","mes","$0,00","$92"
"1","EDIFICACIONES","1.01","PRELIMINARES","1.01.67","INSTALACIÓN PROVISIONAL ENERGIA","mes","$0,00","$103"
"1","EDIFICACIONES","1.01","PRELIMINARES","1.01.68","LOCALIZACIÓN Y REPLANTEO OBRA ARQUITECTÓNICA","M2","$4.229,84","$4.829,44"
"1","EDIFICACIONES","1.01","PRELIMINARES","1.01.69","LOCALIZACIÓN Y REPLANTEO REDES HASTA H=50 cm.","M2","$3.193,89","$3.397,67"
"1","EDIFICACIONES","1.01","PRELIMINARES","1.01.70","RED ELÉCTRICA PROVISIONAL L/50 M","UND","$540.214,80","$2.098.477,98"
"1","EDIFICACIONES","1.01","PRELIMINARES","1.01.71","REGATAS SOBRE MUROS EN CONCRETO, LADRILLO Y BLOQUE","ML","$1.536,35","$1.597,8"
"1","EDIFICACIONES","1.01","PRELIMINARES","1.01.72","RETIRO TUBERÍA AGUA (GALVANIZADA-PVC-AC) HASTA 1""","ML","$2.160,86","$2.268,9"
"1","EDIFICACIONES","1.01","PRELIMINARES","1.01.73","RETIRO TUBERIA EXISTENTE 0"" A 12""","ML","$4.518,66","$4.654,22"
"1","EDIFICACIONES","1.01","PRELIMINARES","1.01.74","RETIRO TUBERIA EXISTENTE 12"" A 24""","ML","$13.555,99","$17.456,79"
"1","EDIFICACIONES","1.01","PRELIMINARES","1.01.75","ROTURA PAVIMENTO","M2","$7.229,86","$7.808,25"
"1","EDIFICACIONES","1.01","PRELIMINARES","1.01.76","ALQUILER DE CAMIONETA D300 O SIMILAR(ACARREOS, TRANSPORTES)","hr","$9.037,33","$57.796,26"
"1","EDIFICACIONES","1.01","PRELIMINARES","1.01.77","ALQUILER DE CAMION  350 O SIMILAR(ACARREOS, TRANSPORTES)","hr","$9.037,33","$63.576,95"
"1","EDIFICACIONES","1.02","CIMENTACIÓN Y DESAGUES","1.02.01","BASE EN CONCRETO POBRE E=0.05 mts. 14 MPa - (2000 PSI)","M2","$8.594,33","$29.930,32"
"1","EDIFICACIONES","1.02","CIMENTACIÓN Y DESAGUES","1.02.02","CAJAS DE INSPECCION DE 1.00 X 1.00 X 1.00 MTS LADRILLO","UND","$85.943,26","$593.114,34"
"1","EDIFICACIONES","1.02","CIMENTACIÓN Y DESAGUES","1.02.03","CAJAS DE INSPECCION DE 1.20 X 1.20 X 1.20 MTS LADRILLO","UND","$98.220,88","$787.551,83"
"1","EDIFICACIONES","1.02","CIMENTACIÓN Y DESAGUES","1.02.04","CAJAS DE INSPECCION DE 60x60x60 cm  LADRILLO","UND","$100.402,99","$342.016,05"
"1","EDIFICACIONES","1.02","CIMENTACIÓN Y DESAGUES","1.02.05","CAJAS DE INSPECCION DE 80 X 80 X 80 cm LADRILLO","UND","$103.114,19","$492.495,89"
"1","EDIFICACIONES","1.02","CIMENTACIÓN Y DESAGUES","1.02.06","CONCRETO CICLOPEO 10,5MPa (1500 PSI) RELACIÓN 60C/40P","M3","$85.259,76","$336.420,67"
"1","EDIFICACIONES","1.02","CIMENTACIÓN Y DESAGUES","1.02.07","CONCRETO CICLOPEO 14MPa (2000 PSI) RELACIÓN 60C/40P","M3","$110.837,68","$389.522,57"
"1","EDIFICACIONES","1.02","CIMENTACIÓN Y DESAGUES","1.02.08","CONCRETO CICLOPEO 17.5MPa (2500 PSI) RELACIÓN 60C/40P","M3","$110.837,68","$405.865,21"
"1","EDIFICACIONES","1.02","CIMENTACIÓN Y DESAGUES","1.02.09","CONCRETO CICLOPEO 21MPa (3000 PSI) RELACIÓN 60C/40P","M3","$110.837,68","$421.022"
"1","EDIFICACIONES","1.02","CIMENTACIÓN Y DESAGUES","1.02.10","CONCRETO DE ZAPATAS 21 MPa - (3000 PSI)","M3","$189.075,19","$700.084,61"
"1","EDIFICACIONES","1.02","CIMENTACIÓN Y DESAGUES","1.02.11","CONCRETO DE ZAPATAS 21MPa  + FORMALETA","M3","$190.794,06","$712.761,2"
"1","EDIFICACIONES","1.02","CIMENTACIÓN Y DESAGUES","1.02.12","CONCRETO VIGA DE AMARRE 21,1 MPa TE INVERTIDA","M3","$159.608,93","$698.080,81"
"1","EDIFICACIONES","1.02","CIMENTACIÓN Y DESAGUES","1.02.13","CONCRETO VIGA DE AMARRE 21,1 MPa, SECCION RECTANGULAR","M3","$144.875,80","$682.168,64"
"1","EDIFICACIONES","1.02","CIMENTACIÓN Y DESAGUES","1.02.14","CONSTRUCCION DE MUROS EN GAVIONES, INCLUYE MALLA ESLABONADA TRIPLE  TORSION CAL. 12","M3","$51.598,86","$211.610,7"
"1","EDIFICACIONES","1.02","CIMENTACIÓN Y DESAGUES","1.02.15","EXCAVACION DE CORTES Y CANALES SIN CLASIFICAR INCLUYE ACARREO LIBRE DE 5 KM","M3","$612,44","$16.320,25"
"1","EDIFICACIONES","1.02","CIMENTACIÓN Y DESAGUES","1.02.16","EXCAVACION DE CORTES, CANALES Y PRESTAMOS EN MATERIAL COMUN A MAQUINA INCLUYE CARGUE Y ACARREO LIBRE DE 5 KM","M3","$0,00","$12.450,65"
"1","EDIFICACIONES","1.02","CIMENTACIÓN Y DESAGUES","1.02.17","EXCAVACION MANUAL EN MATERIAL COMUN (INCLUYE RETIRO)","M3","$53.747,50","$66.142,29"
"1","EDIFICACIONES","1.02","CIMENTACIÓN Y DESAGUES","1.02.18","EXCAVACION MECANICA EN ROCA DE LA EXPLANEACION, CANALES Y PRESTAMOS SIN EXPLOSIVOS, (INCLUYE RETIRO)","M3","$2.434,86","$123.234,84"
"1","EDIFICACIONES","1.02","CIMENTACIÓN Y DESAGUES","1.02.19","LOSA FLOTANTE CASETON-VIGAS H = 40 CM - 45 CM","M2","$95.274,25","$132.554,35"
"1","EDIFICACIONES","1.02","CIMENTACIÓN Y DESAGUES","1.02.20","LOSA MACIZA CIMIENTO CONCRETO 21 MPa - 3000 PSI H=10 CM","M2","$21.314,93","$83.364,2"
"1","EDIFICACIONES","1.02","CIMENTACIÓN Y DESAGUES","1.02.21","LOSA MACIZA CIMIENTO CONCRETO 21 MPa - 3000 PSI H=15 CM","M2","$23.446,43","$105.798,88"
"1","EDIFICACIONES","1.02","CIMENTACIÓN Y DESAGUES","1.02.22","LOSA MACIZA CIMIENTO CONCRETO 21 MPa - 3000 PSI H=20 CM","M2","$25.577,92","$136.370,5"
"1","EDIFICACIONES","1.02","CIMENTACIÓN Y DESAGUES","1.02.23","MURO CONTENCION CONCRETO CICLOPEO H<1.5 MTS 40%","M3","$171.886,54","$593.384,86"
"1","EDIFICACIONES","1.02","CIMENTACIÓN Y DESAGUES","1.02.24","MURO DE CONTENCIÓN EN CONCRETO DE 21 MPa - 3000 PSI 1.01MTS  H  2.00MTS","M3","$255.779,28","$816.987,21"
"1","EDIFICACIONES","1.02","CIMENTACIÓN Y DESAGUES","1.02.25","MURO DE CONTENCIÓN EN CONCRETO DE 21 MPa - 3000 PSI 2.01MTS H 3,5 MTS","M3","$255.779,28","$866.119,14"
"1","EDIFICACIONES","1.02","CIMENTACIÓN Y DESAGUES","1.02.26","PEDESTAL CONCRETO 21,1 Mpa (3000 PSI)","M3","$73.665,66","$629.504,25"
"1","EDIFICACIONES","1.02","CIMENTACIÓN Y DESAGUES","1.02.27","RELLENO CON MATERIAL DEL SITIO COMPACTADO CILINDRO","M3","$9.941,06","$18.981,44"
"1","EDIFICACIONES","1.02","CIMENTACIÓN Y DESAGUES","1.02.28","SOLADO CONCRETO ESPESOR E=0.05MTS 14MPa (2000PSI)","M2","$7.366,57","$28.716,43"
"1","EDIFICACIONES","1.02","CIMENTACIÓN Y DESAGUES","1.02.29","SOLADO CONCRETO ESPESOR E=0.07MTS 14MPa (2000PSI)","M2","$7.366,57","$37.250,48"
"1","EDIFICACIONES","1.02","CIMENTACIÓN Y DESAGUES","1.02.30","SUMINISTRO E INSTALACIÓN MALLA ELECTROSOLDADA U-84","kg","$1.202,19","$6.169,77"
"1","EDIFICACIONES","1.02","CIMENTACIÓN Y DESAGUES","1.02.31","SUMINISTRO E INSTALACIÓN TUBERÍA DE ALCANTARILLADO PVC  D= 6""","ML","$10.742,82","$50.633,48"
"1","EDIFICACIONES","1.02","CIMENTACIÓN Y DESAGUES","1.02.32","SUMINISTRO E INSTALACIÓN TUBERÍA DE ALCANTARILLADO PVC D=4""","ML","$7.403,39","$28.134,71"
"1","EDIFICACIONES","1.02","CIMENTACIÓN Y DESAGUES","1.02.33","SUMINISTRO E INSTALACIÓN TUBERIA PVC D=4"" DRENAJE SIN FILTRO","ML","$5.402,15","$24.604,21"
"1","EDIFICACIONES","1.02","CIMENTACIÓN Y DESAGUES","1.02.34","SUMINISTRO E INSTALACIÓN TUBERIA PVC D=6"" DRENAJE SIN FILTRO","ML","$5.402,15","$43.095,21"
"1","EDIFICACIONES","1.02","CIMENTACIÓN Y DESAGUES","1.02.35","SUMINISTRO E INSTALACIÓN TUBERIA PVC D=8"" DRENAJE CON FILTRO","ML","$10.804,30","$74.535,43"
"1","EDIFICACIONES","1.02","CIMENTACIÓN Y DESAGUES","1.02.36","SUMINISTRO E INSTALACIÓN TUBERIA PVC D=8"" DRENAJE SIN FILTRO","ML","$10.804,30","$70.608,43"
"1","EDIFICACIONES","1.02","CIMENTACIÓN Y DESAGUES","1.02.37","SUMINISTRO E INSTALACION TUBERIA PVC SANITARIA D= 2""","ML","$5.402,15","$18.029,77"
"1","EDIFICACIONES","1.02","CIMENTACIÓN Y DESAGUES","1.02.38","SUMINISTRO E INSTALACION TUBERIA PVC SANITARIA D= 3""","ML","$5.402,15","$22.980,97"
"1","EDIFICACIONES","1.02","CIMENTACIÓN Y DESAGUES","1.02.39","SUMINISTRO E INSTALACIÓN TUBERÍA SANITARIA DE DESAGUE  PVC  D=2""","ML","$7.403,39","$22.485,91"
"1","EDIFICACIONES","1.02","CIMENTACIÓN Y DESAGUES","1.02.40","SUMINISTRO E INSTALACIÓN TUBERÍA SANITARIA DE DESAGUE  PVC  D=4""","ML","$7.403,39","$40.414,31"
"1","EDIFICACIONES","1.02","CIMENTACIÓN Y DESAGUES","1.02.41","SUMINISTRO FIGURADA Y AMARRE DE ACERO 37000 PSI 240 MPa","kg","$833,09","$4.170,69"
"1","EDIFICACIONES","1.02","CIMENTACIÓN Y DESAGUES","1.02.42","SUMINISTRO FIGURADA Y AMARRE DE ACERO 60000 PSI 420 MPa","kg","$1.004,41","$4.427,28"
"1","EDIFICACIONES","1.03","ESTRUCTURAS","1.03.01","COLUMNAS EN CONCRETO 21 MPa - (3000 PSI), ALTURA MENOR A TRES METROS-FORMALETA MADERA","M3","$252.673,22","$1.184.917,93"
"1","EDIFICACIONES","1.03","ESTRUCTURAS","1.03.02","COLUMNAS EN CONCRETO 21 MPa (3000 PSI), ALTURA MAYOR A 3 mts-FORMALETA MADERA","M3","$313.079,06","$1.238.546,75"
"1","EDIFICACIONES","1.03","ESTRUCTURAS","1.03.03","CONSTRUCCION DE VIGA CANAL EN CONCRETO IMPERMEABILZADO 21 MPa - (3000 PSI)","M3","$364.227,24","$1.152.855,06"
"1","EDIFICACIONES","1.03","ESTRUCTURAS","1.03.04","CONSTRUCCION DE VIGA CANAL EN CONCRETO IMPERMEABILZADO 24.5 MPa - (3500 PSI)","M3","$364.227,24","$1.174.436,45"
"1","EDIFICACIONES","1.03","ESTRUCTURAS","1.03.05","CONSTRUCCION DE VIGA CANAL EN CONCRETO IMPERMEABILZADO 28 MPa - (4000 PSI)","M3","$364.227,24","$1.216.130"
"1","EDIFICACIONES","1.03","ESTRUCTURAS","1.03.06","ESCALERAS MACIZA 21 MPa - (3000 PSI)","M3","$524.253,95","$1.230.801,29"
"1","EDIFICACIONES","1.03","ESTRUCTURAS","1.03.07","PLACA CASETON ESTERILLA DE GUADUA ALTURA DE 30 CMS   24.5 MPa - (3500 PSI)","M2","$67.185,10","$184.943,7"
"1","EDIFICACIONES","1.03","ESTRUCTURAS","1.03.08","PLACA CASETON ESTERILLA DE GUADUA ALTURA DE 30 CMS  21 MPa - (3000 PSI)","M2","$67.185,10","$179.486,14"
"1","EDIFICACIONES","1.03","ESTRUCTURAS","1.03.09","PLACA CASETON ESTERILLA DE GUADUA ALTURA DE 35 CMS   24.5 MPa - (3500 PSI)","M2","$67.521,03","$202.242,48"
"1","EDIFICACIONES","1.03","ESTRUCTURAS","1.03.10","PLACA CASETON ESTERILLA DE GUADUA ALTURA DE 35 CMS  21 MPa - (3000 PSI)","M2","$67.521,03","$195.875,32"
"1","EDIFICACIONES","1.03","ESTRUCTURAS","1.03.11","PLACA CASETON ESTERILLA DE GUADUA ALTURA DE 40 CMS   21 MPa - (3000 PSI)","M2","$67.521,03","$204.050,39"
"1","EDIFICACIONES","1.03","ESTRUCTURAS","1.03.12","PLACA CASETON ESTERILLA DE GUADUA ALTURA DE 40 CMS   24.5 MPa - (3500 PSI)","M2","$67.521,03","$210.872,35"
"1","EDIFICACIONES","1.03","ESTRUCTURAS","1.03.13","PLACA CON STEEL DECK 21 MPa - (3000 PSI) E=0.10MTS","M2","$22.507,01","$103.271,25"
"1","EDIFICACIONES","1.03","ESTRUCTURAS","1.03.14","PLACA CON STEEL DECK 24.5 MPa - (3500 PSI) E= 0.10 MTS","M2","$22.507,01","$106.682,23"
"1","EDIFICACIONES","1.03","ESTRUCTURAS","1.03.15","PLACA ENTREPISO ALIGERADO BLOQUE CONCRETO 21 MPa - (3000 PSI)","M2","$58.932,53","$304.864,75"
"1","EDIFICACIONES","1.03","ESTRUCTURAS","1.03.16","PLACA ENTREPISO IMPERMEABILIZADO ALIGERADO CASETON DE LONA E=0.30 mts.   28 MPa - (4000 PSI)","M2","$56.477,01","$259.368,38"
"1","EDIFICACIONES","1.03","ESTRUCTURAS","1.03.17","PLACA FACIL 21 MPa - (3000 PSI) E= 0.05 MTS","M2","$140.080,93","$236.248,29"
"1","EDIFICACIONES","1.03","ESTRUCTURAS","1.03.18","PLACA FACIL 24.5 MPa - (3500 PSI) E= 0.05 MTS","M2","$140.080,93","$238.832,05"
"1","EDIFICACIONES","1.03","ESTRUCTURAS","1.03.19","PLACA MACIZA 21 MPa - (3000 PSI)  E=0.10 MTS","M2","$54.021,49","$252.952,38"
"1","EDIFICACIONES","1.03","ESTRUCTURAS","1.03.20","PLACA MACIZA 21 MPa - (3000 PSI)  E=0.12 MTS","M2","$49.110,44","$257.305,92"
"1","EDIFICACIONES","1.03","ESTRUCTURAS","1.03.21","PLACA MACIZA 21 MPa - (3000 PSI)  E=0.15 MTS","M2","$73.665,66","$297.354,11"
"1","EDIFICACIONES","1.03","ESTRUCTURAS","1.03.22","REFUERZOS MALLA ELECTROSOLDADA H-257","kg","$834,88","$4.814,83"
"1","EDIFICACIONES","1.03","ESTRUCTURAS","1.03.23","VIGA  AEREA  21 MPa - (3000 PSI)","M3","$454.271,57","$1.166.084,99"
"1","EDIFICACIONES","1.03","ESTRUCTURAS","1.03.24","VIGA AMARRE SOBRE MURO  21 MPa - (3000 PSI)","M3","$294.662,64","$857.778,46"
"1","EDIFICACIONES","1.03","ESTRUCTURAS","1.03.25","COLUMNAS EN CONCRETO 21 MPa - (3000 PSI), ALTURA MENOR A TRES METROS FORMALETA METALICA","M3","$252.673,22","$1.289.564,24"
"1","EDIFICACIONES","1.03","ESTRUCTURAS","1.03.26","COLUMNAS EN CONCRETO 21 MPa (3000 PSI), ALTURA MAYOR A 3 mts-FORMALETA METALICA","M3","$313.079,06","$1.350.574,14"
"1","EDIFICACIONES","1.04","MAMPOSTERÍA","1.04.01","ALFAGIA EN CONCRETO E=0.15mts. 17.5 MPa - (2500 PSI) INC. REFUERZO","ML","$18.907,52","$33.733,88"
"1","EDIFICACIONES","1.04","MAMPOSTERÍA","1.04.02","ALFAGIA EN CONCRETO E=0.25mts. 17.5 MPa - (2500 PSI) INC. REFUERZO","ML","$40.516,11","$57.252,64"
"1","EDIFICACIONES","1.04","MAMPOSTERÍA","1.04.03","ALFAGIA LADRILLO PRENSADO TIPO MAGUNCIA","ML","$14.721,31","$38.715,88"
"1","EDIFICACIONES","1.04","MAMPOSTERÍA","1.04.04","DINTELES EN BLOQUE E=0.15 MTS","ML","$11.049,85","$25.368,04"
"1","EDIFICACIONES","1.04","MAMPOSTERÍA","1.04.05","DINTELES EN CONCRETO DE 15X20 cms. 17.5 MPa - (2500 PSI)  INC. REFUERZO","ML","$20.036,55","$46.965,96"
"1","EDIFICACIONES","1.04","MAMPOSTERÍA","1.04.06","ENCHAPES LADRILLO PRENSADO","M2","$27.010,74","$93.206,49"
"1","EDIFICACIONES","1.04","MAMPOSTERÍA","1.04.07","LAVADA DE FACHADA INC. ACIDO MURIATICO","M2","$2.259,33","$6.995,01"
"1","EDIFICACIONES","1.04","MAMPOSTERÍA","1.04.08","MESONES EN CONCRETO A=0.60 mts. 17.5 MPa - (2500PSI) INC. REFUERZO E:0.10","M2","$53.284,83","$135.066,67"
"1","EDIFICACIONES","1.04","MAMPOSTERÍA","1.04.09","MURO EN ADOBE ESTABILIZADO E= 0.65 MTS","M2","$50.388,82","$230.511,65"
"1","EDIFICACIONES","1.04","MAMPOSTERÍA","1.04.10","MURO EN BAHAREQUE E= 0.20 MTS","M2","$50.388,82","$129.815,46"
"1","EDIFICACIONES","1.04","MAMPOSTERÍA","1.04.11","MURO EN BLOQUE CONCRETO E=0.10 MTS","M2","$27.501,85","$66.420,41"
"1","EDIFICACIONES","1.04","MAMPOSTERÍA","1.04.12","MURO EN BLOQUE CONCRETO E=0.20 MTS","M2","$27.501,85","$84.920,95"
"1","EDIFICACIONES","1.04","MAMPOSTERÍA","1.04.13","MURO EN BLOQUE No.4 E=0.10 MTS","M2","$12.523,16","$38.644,67"
"1","EDIFICACIONES","1.04","MAMPOSTERÍA","1.04.14","MURO EN BLOQUE No.4 E=0.25 MTS","M2","$24.555,22","$101.473,58"
"1","EDIFICACIONES","1.04","MAMPOSTERÍA","1.04.15","MURO EN BLOQUE No.5 E=0.12 MTS","M2","$12.523,16","$36.971,25"
"1","EDIFICACIONES","1.04","MAMPOSTERÍA","1.04.16","MURO EN BLOQUE No.5 E=0.23 MTS","M2","$24.555,22","$67.495,21"
"1","EDIFICACIONES","1.04","MAMPOSTERÍA","1.04.17","MURO EN DRY WALL 1/2`` DOBLE CARA E =0.10 MTS","M2","$25.347,01","$56.348,21"
"1","EDIFICACIONES","1.04","MAMPOSTERÍA","1.04.18","MURO EN DRY WALL 1/2`` DOBLE CARA E =0.12 MTS","M2","$25.347,01","$56.257,54"
"1","EDIFICACIONES","1.04","MAMPOSTERÍA","1.04.19","MURO EN LADRILLO ESTRUCTURAL E=0.15 MTS","M2","$29.273,88","$96.985,22"
"1","EDIFICACIONES","1.04","MAMPOSTERÍA","1.04.20","MURO EN TAPIA PISADA E=0.50 MTS ANCHO, INCLUYE FORMALETA","M2","$94.059,14","$309.782,32"
"1","EDIFICACIONES","1.04","MAMPOSTERÍA","1.04.21","MURO LADRILLO VITRIFICADO E=0.12 MTS","M2","$26.028,53","$131.374,55"
"1","EDIFICACIONES","1.04","MAMPOSTERÍA","1.04.22","MURO PRENSADO SANTA FE E=0.25 MTS LIVIANO","M2","$41.743,87","$165.495,34"
"1","EDIFICACIONES","1.04","MAMPOSTERÍA","1.04.23","MURO PRENSADO SANTA FE E=0.25 MTS MACIZO","M2","$41.743,87","$162.412,71"
"1","EDIFICACIONES","1.04","MAMPOSTERÍA","1.04.24","MURO PRENSADO TIPO SANTA FE E=0.12 mts","M2","$26.028,53","$82.849,72"
"1","EDIFICACIONES","1.04","MAMPOSTERÍA","1.04.25","MURO PRENSADO TIPO SANTA FE E=0.25 mts.","M2","$41.743,87","$165.495,34"
"1","EDIFICACIONES","1.04","MAMPOSTERÍA","1.04.26","MURO SEMIPRENSADO TIPO MAGUNCIA E=0.12 mts.","M2","$26.028,53","$78.827,72"
"1","EDIFICACIONES","1.04","MAMPOSTERÍA","1.04.27","MURO SEMIPRENSADO TIPO MAGUNCIA E=0.25 mts.","M2","$41.743,87","$152.515,34"
"1","EDIFICACIONES","1.04","MAMPOSTERÍA","1.04.28","MURO TERMOACÚSTICO CON PAÑETE","M2","$11.049,85","$82.198,22"
"1","EDIFICACIONES","1.04","MAMPOSTERÍA","1.04.29","MURO TOLETE COMUN E=0.06 mts.","M2","$21.117,49","$38.776,79"
"1","EDIFICACIONES","1.04","MAMPOSTERÍA","1.04.30","MURO TOLETE COMUN E=0.10 mts.","M2","$18.416,42","$50.043,99"
"1","EDIFICACIONES","1.04","MAMPOSTERÍA","1.04.31","MURO TOLETE COMUN E=0.25 mts","M2","$33.640,65","$96.013,04"
"1","EDIFICACIONES","1.04","MAMPOSTERÍA","1.04.32","PASAMANOS EN CONCRETO 17.5 MPA (2500 PSI) INC. REFUERZO","ML","$54.267,04","$71.457,35"
"1","EDIFICACIONES","1.04","MAMPOSTERÍA","1.04.33","REMATES LADRILLO PRENSADO","ML","$21.608,59","$40.729,6"
"1","EDIFICACIONES","1.04","MAMPOSTERÍA","1.04.34","SOBRECIMIENTO TOLETE COMUN E=0.12 mts.INCLUYE PAÑETE IMP.","ML","$19.644,17","$54.691,86"
"1","EDIFICACIONES","1.04","MAMPOSTERÍA","1.04.35","SOBRECIMIENTOS E= 0.25 MTS","ML","$27.501,85","$64.142,15"
"1","EDIFICACIONES","1.04","MAMPOSTERÍA","1.04.36","SOBRERCIMIENTO TOLETE COMUN E=0.20 mts.INCLUYE PAÑETE IMP.","M2","$27.501,85","$76.567,19"
"1","EDIFICACIONES","1.04","MAMPOSTERÍA","1.04.37","SUMINISTRO E INSTALACION DE LAMINA SUPERBOARD  E= 8 MM","M2","$29.781,96","$103.691,6"
"1","EDIFICACIONES","1.05","PAÑETES","1.05.01","ENTRAMADO MADERA CIELO RASO","ML","$13.505,37","$25.682,33"
"1","EDIFICACIONES","1.05","PAÑETES","1.05.02","FILOS Y DILATACIONES EN PAÑETES","ML","$3.683,28","$8.004,28"
"1","EDIFICACIONES","1.05","PAÑETES","1.05.03","GOTERAS","M2","$5.647,70","$10.076,74"
"1","EDIFICACIONES","1.05","PAÑETES","1.05.04","GUADUA BAJO ENTRAMADO","M2","$12.277,61","$22.382"
"1","EDIFICACIONES","1.05","PAÑETES","1.05.05","MALLA BAJO ENTRAMADO","M2","$9.822,09","$14.651,86"
"1","EDIFICACIONES","1.05","PAÑETES","1.05.06","PAÑETE BAJO MALLA 1:5","M2","$14.733,13","$23.528,14"
"1","EDIFICACIONES","1.05","PAÑETES","1.05.07","PAÑETE BAJO MALLA 1:6","M2","$14.733,13","$22.676,67"
"1","EDIFICACIONES","1.05","PAÑETES","1.05.08","PAÑETE IMPERMEABILIZADO 1:3","M2","$13.750,92","$23.671,78"
"1","EDIFICACIONES","1.05","PAÑETES","1.05.09","PAÑETE LISO BAJO PLACA 1.4","M2","$11.786,51","$27.458,85"
"1","EDIFICACIONES","1.05","PAÑETES","1.05.10","PAÑETE LISO BAJO MALLA 1:4","M2","$14.733,13","$30.895,99"
"1","EDIFICACIONES","1.05","PAÑETES","1.05.11","PAÑETE LISO CULATAS  1:4","M2","$12.768,71","$31.336,03"
"1","EDIFICACIONES","1.05","PAÑETES","1.05.12","PAÑETE LISO CULATAS  1:5","M2","$12.768,71","$31.844,19"
"1","EDIFICACIONES","1.05","PAÑETES","1.05.13","PAÑETE LISO MUROS  1:4","M2","$11.295,40","$20.187,71"
"1","EDIFICACIONES","1.05","PAÑETES","1.05.14","PAÑETE LISO MUROS  1:5","M2","$11.295,40","$19.306,96"
"1","EDIFICACIONES","1.05","PAÑETES","1.05.15","PAÑETE RUSTICO MUROS 1:5","M2","$13.750,92","$26.930,3"
"1","EDIFICACIONES","1.05","PAÑETES","1.05.16","PAÑETE RUSTICO PLACAS 1:5","M2","$14.978,68","$25.296,18"
"1","EDIFICACIONES","1.06","INSTALACIONES HIDRÁULICAS Y SANITARIAS","1.06.01","SUMINISTRO E INSTALACION DE ACCESORIO CODO 90° 1/4 CXC SANITARIO  EN PVC  6``","UND","$24.600,93","$130.115,55"
"1","EDIFICACIONES","1.06","INSTALACIONES HIDRÁULICAS Y SANITARIAS","1.06.02","SUMINISTRO E INSTALACION DE ACCESORIO SIFON EN PVC 135  4``","UND","$21.086,52","$41.349,88"
"1","EDIFICACIONES","1.06","INSTALACIONES HIDRÁULICAS Y SANITARIAS","1.06.03","SUMINISTRO E INSTALACION DE BAJANTE  PVC 3""","ML","$24.099,21","$65.185,29"
"1","EDIFICACIONES","1.06","INSTALACIONES HIDRÁULICAS Y SANITARIAS","1.06.04","SUMINISTRO E INSTALACION DE BAJANTE DE AGUA LLUVIA PVC 4""","ML","$18.907,52","$40.694,33"
"1","EDIFICACIONES","1.06","INSTALACIONES HIDRÁULICAS Y SANITARIAS","1.06.05","SUMINISTRO E INSTALACION DE BAJANTE DE AGUA LLUVIA. PVC. 3.","ML","$16.074,10","$35.245,7"
"1","EDIFICACIONES","1.06","INSTALACIONES HIDRÁULICAS Y SANITARIAS","1.06.06","SUMINISTRO E INSTALACION DE BAJANTE DE AGUA NEGRA PVC 3""","ML","$13.505,37","$32.626,65"
"1","EDIFICACIONES","1.06","INSTALACIONES HIDRÁULICAS Y SANITARIAS","1.06.07","SUMINISTRO E INSTALACION DE BAJANTE DE AGUA NEGRA PVC 4""","ML","$19.647,62","$46.290,83"
"1","EDIFICACIONES","1.06","INSTALACIONES HIDRÁULICAS Y SANITARIAS","1.06.08","SUMINISTRO E INSTALACION DE BAJANTE DE AGUA NEGRA PVC 6""","ML","$18.907,52","$76.462,1"
"1","EDIFICACIONES","1.06","INSTALACIONES HIDRÁULICAS Y SANITARIAS","1.06.09","SUMINISTRO E INSTALACION DE CANAL EN LAMINA COLD ROLLED CAL. 20  D=0.75 CON PINTURA Y ANTICORROSIVO","ML","$31.981,36","$75.218,32"
"1","EDIFICACIONES","1.06","INSTALACIONES HIDRÁULICAS Y SANITARIAS","1.06.10","SUMINISTRO E INSTALACION DE CANAL EN LAMINA GALV. CAL. 22 TIPO ""PECHO DE PALOMA""","ML","$27.010,75","$65.897,63"
"1","EDIFICACIONES","1.06","INSTALACIONES HIDRÁULICAS Y SANITARIAS","1.06.11","CONEXIÓN TANQUE ELEVADO PVC 2"" INCLUY. VALVULA Y REGISTRO","UND","$108.043,00","$489.944,74"
"1","EDIFICACIONES","1.06","INSTALACIONES HIDRÁULICAS Y SANITARIAS","1.06.12","INSTALACION LAVAMANOS Y SANITARIO","UND","$54.021,50","$58.989,32"
"1","EDIFICACIONES","1.06","INSTALACIONES HIDRÁULICAS Y SANITARIAS","1.06.13","PUNTO AGUA CALIENTE CPVC 1/2""  PARAL DE TECHO","UND","$64.665,95","$115.446,95"
"1","EDIFICACIONES","1.06","INSTALACIONES HIDRÁULICAS Y SANITARIAS","1.06.14","PUNTO AGUA FRIA PVC-P 1/2""  PARAL DE TECHO","UND","$55.427,95","$86.775,57"
"1","EDIFICACIONES","1.06","INSTALACIONES HIDRÁULICAS Y SANITARIAS","1.06.15","PUNTO SUMINISTRO GALVANIZADO","UND","$48.619,35","$116.539,38"
"1","EDIFICACIONES","1.06","INSTALACIONES HIDRÁULICAS Y SANITARIAS","1.06.16","SUMINISTRO E INSTALACION DE RED SUMINISTRO CPVC 1/2""  A.CAL. 82°C  100 PSI","ML","$4.051,61","$14.728,06"
"1","EDIFICACIONES","1.06","INSTALACIONES HIDRÁULICAS Y SANITARIAS","1.06.17","SUMINISTRO E INSTALACION DE RED SUMINISTRO CPVC 3/4""  A.C. 82°C  100 PSI","ML","$3.154,98","$18.687,51"
"1","EDIFICACIONES","1.06","INSTALACIONES HIDRÁULICAS Y SANITARIAS","1.06.18","SUMINISTRO E INSTALACION DE RED SUMINISTRO GALVANIZADA 1/2""","ML","$18.475,98","$30.633,28"
"1","EDIFICACIONES","1.06","INSTALACIONES HIDRÁULICAS Y SANITARIAS","1.06.19","SUMINISTRO E INSTALACION DE RED SUMINISTRO GALVANIZADA 3/4""","ML","$20.182,94","$35.658,19"
"1","EDIFICACIONES","1.06","INSTALACIONES HIDRÁULICAS Y SANITARIAS","1.06.20","SUMINISTRO E INSTALACION DE RED SUMINISTRO PARA GAS EXTERIOR (TUBERIA GALVANIZADA D=3/4"")","ML","$27.010,75","$54.057,53"
"1","EDIFICACIONES","1.06","INSTALACIONES HIDRÁULICAS Y SANITARIAS","1.06.21","SUMINISTRO E INSTLACION DE RED SUMINISTRO PVC 1"" RDE 13.5","ML","$3.781,50","$14.500,8"
"1","EDIFICACIONES","1.06","INSTALACIONES HIDRÁULICAS Y SANITARIAS","1.06.22","SUMINISTRO E INSTALACION DE RED SUMINISTRO PVC-P 3/4"" RDE 11","ML","$3.781,50","$12.611,54"
"1","EDIFICACIONES","1.06","INSTALACIONES HIDRÁULICAS Y SANITARIAS","1.06.23","SUMINISTRO E INSTALACION DE RED SUMINISTRO TUBERIA PVC-P 1/2"" RDE 9","ML","$2.701,07","$10.181,86"
"1","EDIFICACIONES","1.06","INSTALACIONES HIDRÁULICAS Y SANITARIAS","1.06.24","SUMINISTRO E INSTALREGISTRO CORTINA  ROSCADO RED-WHITE  1/2""","UND","$8.103,23","$40.704,26"
"1","EDIFICACIONES","1.06","INSTALACIONES HIDRÁULICAS Y SANITARIAS","1.06.25","SUMINISTRO E INSTALACION DE REGISTROS 1`` EN BRONCE","UND","$18.907,52","$81.172,9"
"1","EDIFICACIONES","1.06","INSTALACIONES HIDRÁULICAS Y SANITARIAS","1.06.26","SUMINISTRO E INSTALACION DE REGISTROS 3/4`` EN  BRONCE","UND","$14.855,91","$56.598,71"
"1","EDIFICACIONES","1.06","INSTALACIONES HIDRÁULICAS Y SANITARIAS","1.06.27","REVENTILACION  PVC 3""","ML","$10.804,30","$24.485,4"
"1","EDIFICACIONES","1.06","INSTALACIONES HIDRÁULICAS Y SANITARIAS","1.06.28","SALIDA SANITARIA PVC  3""","UND","$36.951,97","$120.339,09"
"1","EDIFICACIONES","1.06","INSTALACIONES HIDRÁULICAS Y SANITARIAS","1.06.29","SUMINISTRO E INSTALACIÓN CHEQUE   RED-W HITE   1 1/2""","UND","$13.505,37","$198.646,71"
"1","EDIFICACIONES","1.06","INSTALACIONES HIDRÁULICAS Y SANITARIAS","1.06.30","SUMINISTRO E INSTALACIÓN CHEQUE  RED-WHITE  1""","UND","$13.505,37","$99.916,53"
"1","EDIFICACIONES","1.06","INSTALACIONES HIDRÁULICAS Y SANITARIAS","1.06.31","SUMINISTRO E INSTALACIÓN DE ACOMETIDA 2"" X  3/4""  INCLUYE TUBERÍA PF + UAD  3/4"" , REGISTRO DE CORTE, COLLAR DERIVACIÓN Y ACCESORIOS COMPLEMENTARIOS PARA SU CONEXIÓN.","UND","$27.010,75","$240.191,17"
"1","EDIFICACIONES","1.06","INSTALACIONES HIDRÁULICAS Y SANITARIAS","1.06.32","SUMINISTRO E INSTALACIÓN DE ACOMETIDA 2"" X 1/2"" INCLUYE TUBERÍA PF + UAD 1/2"", REGISTRO DE CORTE, COLLAR DERIVACIÓN Y ACCESORIOS COMPLEMENTARIOS PARA SU CONEXIÓN.","UND","$27.010,75","$99.613,2"
"1","EDIFICACIONES","1.06","INSTALACIONES HIDRÁULICAS Y SANITARIAS","1.06.33","SUMINISTRO E INSTALACIÓN DE ACOMETIDA 3"" X  3/4""  INCLUYE TUBERÍA PF + UAD  3/4"" , REGISTRO DE CORTE, COLLAR DERIVACIÓN Y ACCESORIOS COMPLEMENTARIOS PARA SU CONEXIÓN.","UND","$27.010,75","$249.074,83"
"1","EDIFICACIONES","1.06","INSTALACIONES HIDRÁULICAS Y SANITARIAS","1.06.34","SUMINISTRO E INSTALACIÓN DE ACOMETIDA 3"" X 1/2"" INCLUYE TUBERÍA PF + UAD 1/2"", REGISTRO DE CORTE, COLLAR DERIVACIÓN Y ACCESORIOS COMPLEMENTARIOS PARA SU CONEXIÓN.","UND","$27.010,75","$100.727,87"
"1","EDIFICACIONES","1.06","INSTALACIONES HIDRÁULICAS Y SANITARIAS","1.06.35","SUMINISTRO E INSTALACIÓN TANQUE ELEVADO PVC 1000 LTS. INC. ACCESORIOS","UND","$73.903,94","$431.820,55"
"1","EDIFICACIONES","1.06","INSTALACIONES HIDRÁULICAS Y SANITARIAS","1.06.36","SUMINISTRO E INSTALACIÓN TANQUE ELEVADO PVC 2000 LTS. INC. ACCESORIOS","UND","$73.903,94","$696.370,55"
"1","EDIFICACIONES","1.06","INSTALACIONES HIDRÁULICAS Y SANITARIAS","1.06.37","SUMINISTRO E INSTALACIÓN TANQUE ELEVADO PVC 250 LTS.  INCLUYE  ACCESORIOS","UND","$50.025,81","$221.302,65"
"1","EDIFICACIONES","1.06","INSTALACIONES HIDRÁULICAS Y SANITARIAS","1.06.38","SUMINISTRO E INSTALACIÓN TANQUE ELEVADO PVC 500 LTS. INC. ACCESORIOS","UND","$73.903,94","$289.070,55"
"1","EDIFICACIONES","1.06","INSTALACIONES HIDRÁULICAS Y SANITARIAS","1.06.39","SUMINISTRO E INSTALACIÓN TANQUE ELEVADO PVC 5000 LTS. INC. ACCESORIOS","UND","$140.679,57","$2.531.109,26"
"1","EDIFICACIONES","1.06","INSTALACIONES HIDRÁULICAS Y SANITARIAS","1.06.40","TUBERIA DE 4`` PVC SANITARIA, INCLUYE INSTALACION","ML","$3.268,30","$30.385,88"
"1","EDIFICACIONES","1.06","INSTALACIONES HIDRÁULICAS Y SANITARIAS","1.06.41","TUBERIA DE 6`` PVC SANITARIA, INCLUYE INSTALACION","ML","$3.511,40","$56.917,16"
"1","EDIFICACIONES","1.06","INSTALACIONES HIDRÁULICAS Y SANITARIAS","1.06.42","TUBERIA PVC DRENAJES  D= 6`` CON HIDROSELLO, INCLUYE INSTALACIÓN","ML","$14.419,23","$69.451,9"
"1","EDIFICACIONES","1.07","INSTALACIONES ELÉCTRICAS - LUMINARIAS - LÁMPARAS","1.07.01","ACOMETIDA AÉREA 10 M/ PVC","UND","$162.064,50","$440.243,64"
"1","EDIFICACIONES","1.07","INSTALACIONES ELÉCTRICAS - LUMINARIAS - LÁMPARAS","1.07.02","SALIDA BIFÁSICA+ TOMA, TUBO EMT Ø 1/2","UND","$108.043,00","$213.993,15"
"1","EDIFICACIONES","1.07","INSTALACIONES ELÉCTRICAS - LUMINARIAS - LÁMPARAS","1.07.03","SALIDA DE VOZ Y DATOS","UND","$14.315,70","$41.590,98"
"1","EDIFICACIONES","1.07","INSTALACIONES ELÉCTRICAS - LUMINARIAS - LÁMPARAS","1.07.04","SALIDA LAMPARA TOMA PVC COMPLETA","UND","$94.537,62","$134.067,74"
"1","EDIFICACIONES","1.07","INSTALACIONES ELÉCTRICAS - LUMINARIAS - LÁMPARAS","1.07.05","SALIDA LAMPARA. CONMUTABLE PVC COMPLETA.","UND","$94.537,62","$145.075,74"
"1","EDIFICACIONES","1.07","INSTALACIONES ELÉCTRICAS - LUMINARIAS - LÁMPARAS","1.07.06","SALIDA T.V PVC COMPLETA.","UND","$67.526,87","$118.215,64"
"1","EDIFICACIONES","1.07","INSTALACIONES ELÉCTRICAS - LUMINARIAS - LÁMPARAS","1.07.07","SALIDA TELEFONO PVC COMPLETA","UND","$89.945,79","$139.342,05"
"1","EDIFICACIONES","1.07","INSTALACIONES ELÉCTRICAS - LUMINARIAS - LÁMPARAS","1.07.08","SALIDA TIMBRE PVC COMPLETA","UND","$89.945,79","$130.574,38"
"1","EDIFICACIONES","1.07","INSTALACIONES ELÉCTRICAS - LUMINARIAS - LÁMPARAS","1.07.09","SALIDA TRIFÁSICA + TOMA, TUBO EMT","UND","$125.636,70","$246.920,3"
"1","EDIFICACIONES","1.07","INSTALACIONES ELÉCTRICAS - LUMINARIAS - LÁMPARAS","1.07.10","SALIDA TRIFÁSICA + TOMA, TUBO EMT PVC  COMPLETA","UND","$108.043,00","$207.411,46"
"1","EDIFICACIONES","1.07","INSTALACIONES ELÉCTRICAS - LUMINARIAS - LÁMPARAS","1.07.11","SOCKETS + BALASTO P/40 W","UND","$13.505,00","$86.896,25"
"1","EDIFICACIONES","1.07","INSTALACIONES ELÉCTRICAS - LUMINARIAS - LÁMPARAS","1.07.12","SOCKETS + BALASTO P/48 W","UND","$13.505,00","$43.858,25"
"1","EDIFICACIONES","1.07","INSTALACIONES ELÉCTRICAS - LUMINARIAS - LÁMPARAS","1.07.13","SOPORTE PROYECTORES","UND","$13.505,00","$85.980,25"
"1","EDIFICACIONES","1.07","INSTALACIONES ELÉCTRICAS - LUMINARIAS - LÁMPARAS","1.07.14","SALIDA TOMA GFCI CABLE12AWG THHN. PVC Ø 1/2 INCLUYE TOMA","UND","$94.537,62","$180.229,74"
"1","EDIFICACIONES","1.07","INSTALACIONES ELÉCTRICAS - LUMINARIAS - LÁMPARAS","1.07.15","SALIDA TOMA DOBLE CABLE 12AWG HFFR-LS PVC 1/2 COMPLETA","UND","$94.537,62","$128.062,74"
"1","EDIFICACIONES","1.07","INSTALACIONES ELÉCTRICAS - LUMINARIAS - LÁMPARAS","1.07.16","SUMINISTRO E INSTALACIÓN PANEL LED INCRUSTAR 12W","UND","$810,33","$13.883,85"
"1","EDIFICACIONES","1.07","INSTALACIONES ELÉCTRICAS - LUMINARIAS - LÁMPARAS","1.07.17","SUMINISTRO E INSTALACIÓN DE LÁMPARA LED HERMÉTICA 2x32W","UND","$8.103,23","$121.411,39"
"1","EDIFICACIONES","1.07","INSTALACIONES ELÉCTRICAS - LUMINARIAS - LÁMPARAS","1.07.18","SUMINISTRO E INSTALACIÓN PANEL LED SOBREPONER 60*60 48W","UND","$810,33","$97.637,85"
"1","EDIFICACIONES","1.07","INSTALACIONES ELÉCTRICAS - LUMINARIAS - LÁMPARAS","1.07.19","SUMINISTRO E INSTALACIÓN DE LÁMPARA LED HERMÉTICA 2x18W","UND","$8.103,23","$81.953,39"
"1","EDIFICACIONES","1.07","INSTALACIONES ELÉCTRICAS - LUMINARIAS - LÁMPARAS","1.07.20","SUMINISTRO E INSTALACION DE CONTADOR ELECTRICO MONOFASICO","UND","$162.064,50","$247.819,73"
"1","EDIFICACIONES","1.07","INSTALACIONES ELÉCTRICAS - LUMINARIAS - LÁMPARAS","1.07.21","SUMINISTRO E INSTALACIÓN DE CONTADOR ELECTRICO TRIFASICO","UND","$216.086,00","$684.212,02"
"1","EDIFICACIONES","1.07","INSTALACIONES ELÉCTRICAS - LUMINARIAS - LÁMPARAS","1.07.22","SUMINISTRO E INSTALACIÓN DE FLUORESCENTE (4P) PLACA","UND","$20.257,50","$23.771,7"
"1","EDIFICACIONES","1.07","INSTALACIONES ELÉCTRICAS - LUMINARIAS - LÁMPARAS","1.07.23","SUMINISTRO E INSTALACIÓN DE FLUORESCENTE (6P) PLACA","UND","$27.010,00","$32.112,48"
"1","EDIFICACIONES","1.07","INSTALACIONES ELÉCTRICAS - LUMINARIAS - LÁMPARAS","1.07.24","SUMINISTRO E INSTALACIÓN DE LAMPARA 2*48 BAJO PLACA LAMINA LATERAL INDUSTRIAL","UND","$13.505,37","$106.010,73"
"1","EDIFICACIONES","1.07","INSTALACIONES ELÉCTRICAS - LUMINARIAS - LÁMPARAS","1.07.25","SUMINISTRO E INSTALACIÓN DE LAMPARA 2*96 BAJO PLACA LAMINA LATERAL INDUSTRIAL","UND","$21.608,60","$242.823"
"1","EDIFICACIONES","1.07","INSTALACIONES ELÉCTRICAS - LUMINARIAS - LÁMPARAS","1.07.26","SUMINISTRO E INSTALACIÓN DE LÁMPARA 2X48 BAJO PLACA","UND","$13.505,00","$159.181,57"
"1","EDIFICACIONES","1.07","INSTALACIONES ELÉCTRICAS - LUMINARIAS - LÁMPARAS","1.07.27","SUMINISTRO E INSTALACIÓN DE LÁMPARA 2X96 BAJO PLACA","UND","$27.010,00","$227.312,48"
"1","EDIFICACIONES","1.07","INSTALACIONES ELÉCTRICAS - LUMINARIAS - LÁMPARAS","1.07.28","SALIDA LÁMPARA-TOMA / ECONÓMICA","UND","$54.020,00","$129.604"
"1","EDIFICACIONES","1.07","INSTALACIONES ELÉCTRICAS - LUMINARIAS - LÁMPARAS","1.07.29","SUMINISTRO E INSTALACIÓN DE LUMINARIA COLONIAL","UND","$27.010,00","$532.450,5"
"1","EDIFICACIONES","1.07","INSTALACIONES ELÉCTRICAS - LUMINARIAS - LÁMPARAS","1.07.30","SUMINISTRO E INSTALACIÓN DE LUMINARIA DJK 125 W","UND","$20.257,50","$300.870,38"
"1","EDIFICACIONES","1.07","INSTALACIONES ELÉCTRICAS - LUMINARIAS - LÁMPARAS","1.07.31","SUMINISTRO E INSTALACIÓN DE LUMINARIA AP LED 18-35W 5040 lm","UND","$27.410,39","$702.137,93"
"1","EDIFICACIONES","1.07","INSTALACIONES ELÉCTRICAS - LUMINARIAS - LÁMPARAS","1.07.32","SUMINISTRO E INSTALACIÓN DE LUMINARIA AP LED 30-60W 8400 lm","UND","$27.410,39","$862.734,93"
"1","EDIFICACIONES","1.07","INSTALACIONES ELÉCTRICAS - LUMINARIAS - LÁMPARAS","1.07.33","SUMINISTRO E INSTALACIÓN DE LUMINARIA AP LED 60W 7500 lm","UND","$27.410,39","$585.470,93"
"1","EDIFICACIONES","1.07","INSTALACIONES ELÉCTRICAS - LUMINARIAS - LÁMPARAS","1.07.34","SUMINISTRO E INSTALACIÓN DE LUMINARIA PARA POSTE","UND","$20.257,50","$322.026"
"1","EDIFICACIONES","1.07","INSTALACIONES ELÉCTRICAS - LUMINARIAS - LÁMPARAS","1.07.35","SUMINISTRO E INSTALACIÓN DE LUMINARIA PEDESTAL","UND","$27.010,00","$459.960,5"
"1","EDIFICACIONES","1.07","INSTALACIONES ELÉCTRICAS - LUMINARIAS - LÁMPARAS","1.07.36","SUMINISTRO E INSTALACIÓN DE LUMINARIA SODIO 150 W","UND","$27.410,39","$462.014,93"
"1","EDIFICACIONES","1.07","INSTALACIONES ELÉCTRICAS - LUMINARIAS - LÁMPARAS","1.07.37","SUMINISTRO E INSTALACIÓN DE LUMINARIA SODIO 250 W","UND","$27.410,39","$529.414,93"
"1","EDIFICACIONES","1.07","INSTALACIONES ELÉCTRICAS - LUMINARIAS - LÁMPARAS","1.07.38","SUMINISTRO E INSTALACIÓN DE LUMINARIA SODIO 400 W","UND","$27.410,39","$539.214,93"
"1","EDIFICACIONES","1.07","INSTALACIONES ELÉCTRICAS - LUMINARIAS - LÁMPARAS","1.07.39","SUMINISTRO E INSTALACIÓN DE REFLECTOR DE PISO 250 W","UND","$27.010,00","$399.060,5"
"1","EDIFICACIONES","1.07","INSTALACIONES ELÉCTRICAS - LUMINARIAS - LÁMPARAS","1.07.40","SUMINISTRO E INSTALACIÓN DE REFLECTOR DE PISO 400 W","UND","$27.010,00","$521.760,5"
"1","EDIFICACIONES","1.07","INSTALACIONES ELÉCTRICAS - LUMINARIAS - LÁMPARAS","1.07.41","SUMINISTRO E INSTALACIÓN DE RIEL ELÉCTRICO 2.34 M","UND","$27.010,75","$49.617,29"
"1","EDIFICACIONES","1.07","INSTALACIONES ELÉCTRICAS - LUMINARIAS - LÁMPARAS","1.07.42","SUMINISTRO E INSTALACIÓN DE ROSETA BAKELITA","UND","$2.701,07","$5.208,12"
"1","EDIFICACIONES","1.07","INSTALACIONES ELÉCTRICAS - LUMINARIAS - LÁMPARAS","1.07.43","SUMINISTRO E INSTALACIÓN DE ROSETA PORCELANA","UND","$2.701,00","$4.886,05"
"1","EDIFICACIONES","1.07","INSTALACIONES ELÉCTRICAS - LUMINARIAS - LÁMPARAS","1.07.44","SUMINISTRO E INSTALACIÓN DE TABLERO PARCIAL 12 CIRCUITOS.","UND","$108.043,00","$355.872,42"
"1","EDIFICACIONES","1.07","INSTALACIONES ELÉCTRICAS - LUMINARIAS - LÁMPARAS","1.07.45","SUMINISTRO E INSTALACIÓN DE TABLERO PARCIAL 18 CIRCUITOS.","UND","$81.032,25","$349.471,86"
"1","EDIFICACIONES","1.07","INSTALACIONES ELÉCTRICAS - LUMINARIAS - LÁMPARAS","1.07.46","SUMINISTRO E INSTALACIÓN DE TABLERO PARCIALES 4 CIRCUITOS.","UND","$81.032,25","$163.298,31"
"1","EDIFICACIONES","1.07","INSTALACIONES ELÉCTRICAS - LUMINARIAS - LÁMPARAS","1.07.47","SUMINISTRO E INSTALACIÓN DE TUBERIA PVC CONDUIT 1 1/2"".","ML","$10.804,30","$28.612,47"
"1","EDIFICACIONES","1.07","INSTALACIONES ELÉCTRICAS - LUMINARIAS - LÁMPARAS","1.07.48","SUMINISTRO E INSTALACIÓN DE TUBERIA PVC CONDUIT 1"".","ML","$12.154,84","$22.353,37"
"1","EDIFICACIONES","1.07","INSTALACIONES ELÉCTRICAS - LUMINARIAS - LÁMPARAS","1.07.49","SUMINISTRO E INSTALACIÓN DE TUBERIA PVC CONDUIT 3/4"".","ML","$10.804,30","$16.149,22"
"1","EDIFICACIONES","1.07","INSTALACIONES ELÉCTRICAS - LUMINARIAS - LÁMPARAS","1.07.50","SUMINSITO E INTALACIÓN DE CAJA EMPALME 75X75X35MM CABLEADO EST","UND","$5.402,15","$345.972,42"
"1","EDIFICACIONES","1.07","INSTALACIONES ELÉCTRICAS - LUMINARIAS - LÁMPARAS","1.07.51","SUMINSTRO E INSTALACIÓN DE STRIP TELEFONICO 10 PARES","UND","$108.043,00","$285.736,74"
"1","EDIFICACIONES","1.07","INSTALACIONES ELÉCTRICAS - LUMINARIAS - LÁMPARAS","1.07.52","TIERRA TABLERO GENERAL (VARILLA COOPER WELL)","UND","$108.043,00","$353.950,34"
"1","EDIFICACIONES","1.07","INSTALACIONES ELÉCTRICAS - LUMINARIAS - LÁMPARAS","1.07.53","SALIDA PARA INTERRUPTOR SENCILLO CABLE 12AWG  THHN COBRE PVC 1/2"". INCLUYE INTERRUPTOR","UND","$36.951,97","$75.827,95"
"1","EDIFICACIONES","1.07","INSTALACIONES ELÉCTRICAS - LUMINARIAS - LÁMPARAS","1.07.54","SALIDA PARA INTERRUPTOR DOBLE CABLE 12AWG  THHN COBRE PVC 1/2"". INCLUYE INTERRUPTOR","UND","$36.951,97","$71.709,95"
"1","EDIFICACIONES","1.07","INSTALACIONES ELÉCTRICAS - LUMINARIAS - LÁMPARAS","1.07.55","SALIDA PARA INTERRUPTOR DOBLE CABLE 12AWG  HFFR LS COBRE PVC 1/2"". INCLUYE INTERRUPTOR","UND","$36.951,97","$71.649,95"
"1","EDIFICACIONES","1.07","INSTALACIONES ELÉCTRICAS - LUMINARIAS - LÁMPARAS","1.07.56","SALIDA PARA INTERRUPTOR SENCILLO CABLE 12AWG HFFR LS COBRE PVC 1/2"". INCLUYE INTERRUPTOR","UND","$36.951,97","$75.767,95"
"1","EDIFICACIONES","1.07","INSTALACIONES ELÉCTRICAS - LUMINARIAS - LÁMPARAS","1.07.57","SALIDA PARA LUMINARIA CABLE 12AWG THHN PVC 1/2.","UND","$94.537,62","$125.505,88"
"1","EDIFICACIONES","1.07","INSTALACIONES ELÉCTRICAS - LUMINARIAS - LÁMPARAS","1.07.58","SALIDA PARA LUMINARIA CABLE 12AWG HFFR LS PVC 1/2"".","UND","$94.537,62","$119.498,88"
"1","EDIFICACIONES","1.08","INSTLACIONES DE GAS","1.08.01","SUMINISTRO E INSTALACION DE ACCESORIO CODO 90° COBRE  1/2","UND","$2.160,86","$5.801,75"
"1","EDIFICACIONES","1.08","INSTLACIONES DE GAS","1.08.02","SUMINISTRO E INSTALACION DE ACCESORIO CODO 90° GALVANIZADO 1/2","UND","$3.511,40","$5.287,36"
"1","EDIFICACIONES","1.08","INSTLACIONES DE GAS","1.08.03","SUMINISTRO E INSTALACION DE TUBERÍA ACERO GALVANIZADA 1/2","ML","$2.160,86","$15.744,01"
"1","EDIFICACIONES","1.08","INSTLACIONES DE GAS","1.08.04","SUMINISTRO E INSTALACION DE TUBERÍA COBRE 1/2","ML","$2.160,86","$20.781,08"
"1","EDIFICACIONES","1.08","INSTLACIONES DE GAS","1.08.05","SUMINISTRO E INSTALACION DE VALVULA DE BOLA GAS 1/2","UND","$2.160,86","$14.308,92"
"1","EDIFICACIONES","1.08","INSTLACIONES DE GAS","1.08.06","SUMINISTRO E INSTALACION DE ACCESORIO TEE COBRE  1/2","UND","$2.160,86","$6.857,28"
"1","EDIFICACIONES","1.08","INSTLACIONES DE GAS","1.08.07","SUMINISTRO E INSTALACION DE ACCESORIO TEE GALVANIZADO 1/2","UND","$3.511,40","$5.863,56"
"1","EDIFICACIONES","1.08","INSTLACIONES DE GAS","1.08.08","SUMINISTRO E INSTALACION DE ACCESORIO UNION COBRE  1/2","UND","$2.160,86","$6.406,28"
"1","EDIFICACIONES","1.08","INSTLACIONES DE GAS","1.08.09","SUMINISTRO E INSTALACION DE ACCESORIO UNION GALVANIZADO 1/2","UND","$3.511,40","$6.795,23"
"1","EDIFICACIONES","1.09","PINTURA","1.09.01","ADHERENTE EPOXICO SIKADUR 32","M2","$4.135,15","$63.113,76"
"1","EDIFICACIONES","1.09","PINTURA","1.09.02","CARBURO SOBRE PAÑETE BAJO PLACA","M2","$5.929,93","$11.473,77"
"1","EDIFICACIONES","1.09","PINTURA","1.09.03","CARBURO SOBRE PAÑETE EN MUROS","M2","$5.365,18","$7.612"
"1","EDIFICACIONES","1.09","PINTURA","1.09.04","ESMALTE LAMINA LINEAL 3 MANOS","ML","$4.235,66","$5.545,06"
"1","EDIFICACIONES","1.09","PINTURA","1.09.05","ESMALTE LAMINA LLENA 3 MANOS","M2","$9.318,47","$12.551,38"
"1","EDIFICACIONES","1.09","PINTURA","1.09.06","ESMALTE MADERA LINEAL 3 MANOS","ML","$1.976,64","$4.366,99"
"1","EDIFICACIONES","1.09","PINTURA","1.09.07","ESMALTE MADERA LLENA 3 MANOS","M2","$9.883,21","$14.912,61"
"1","EDIFICACIONES","1.09","PINTURA","1.09.08","SICOPLAST FACHADA","M2","$4.800,42","$16.860,44"
"1","EDIFICACIONES","1.09","PINTURA","1.09.08","ESMALTE MARCOS LAMINA 3 MANOS","ML","$7.765,38","$11.058,25"
"1","EDIFICACIONES","1.09","PINTURA","1.09.09","ESMALTE MARCOS MADERA 3 MANOS","ML","$7.765,38","$11.870,85"
"1","EDIFICACIONES","1.09","PINTURA","1.09.10","ESTUCO BAJO PLACA","M2","$5.402,15","$17.730,76"
"1","EDIFICACIONES","1.09","PINTURA","1.09.11","ESTUCO MUROS","M2","$5.156,60","$8.079,58"
"1","EDIFICACIONES","1.09","PINTURA","1.09.12","ESTUCO Y VINILO TRES MANOS BAJO PLACA","M2","$7.366,57","$22.298,98"
"1","EDIFICACIONES","1.09","PINTURA","1.09.13","ESTUCO Y VINILO TRES MANOS EN MUROS","M2","$7.366,57","$12.641,78"
"1","EDIFICACIONES","1.09","PINTURA","1.09.14","FILOS Y DILATACIONES EN ESTUCO","ML","$5.647,55","$6.962,45"
"1","EDIFICACIONES","1.09","PINTURA","1.09.15","MARMOLINA SOBRE PAÑETE.","M2","$5.647,55","$15.755,73"
"1","EDIFICACIONES","1.09","PINTURA","1.09.16","MARMOPLAST FACHADA","M2","$6.353,49","$18.539,16"
"1","EDIFICACIONES","1.09","PINTURA","1.09.17","PINTURA FACHADA EN VINILO PARA EXTERIORES","M2","$8.471,32","$14.045,29"
"1","EDIFICACIONES","1.09","PINTURA","1.09.18","VINILO TIPO I SOBRE PAÑETE TRES MANOS SOBRE ESTUCO","M2","$4.235,66","$8.284,07"
"1","EDIFICACIONES","1.09","PINTURA","1.09.19","TINTILLA SOBRE MADERA LINEAL","ML","$2.541,40","$3.923,57"
"1","EDIFICACIONES","1.09","PINTURA","1.09.20","TINTILLA SOBRE MADERA LLENA","M2","$9.883,21","$12.617,43"
"1","EDIFICACIONES","1.09","PINTURA","1.09.21","TINTILLA SOBRE MUEBLES","ML","$34.732,44","$52.664,07"
"1","EDIFICACIONES","1.09","PINTURA","1.09.22","VINILO TIPO II SOBRE PAÑETE DOS MANOS BAJO PLACA","M2","$4.800,42","$14.931,95"
"1","EDIFICACIONES","1.09","PINTURA","1.09.23","VINILO TIPO II SOBRE PAÑETE DOS MANOS EN MUROS","M2","$4.235,66","$6.089,26"
"1","EDIFICACIONES","1.1","ENCHAPES","1.10.01","SUMINISTRO E INSTALACION DE ENCHAPE EN PIEDRA CREMA","M2","$31.921,79","$124.099,92"
"1","EDIFICACIONES","1.1","ENCHAPES","1.10.02","SUMINISTRO E INSTALACION DE ENCHAPE EN PIEDRA MUÑECA","M2","$31.921,79","$165.380,59"
"1","EDIFICACIONES","1.1","ENCHAPES","1.10.03","SUMINISTRO E INSTALACION DE ENCHAPE EN PIEDRA SANTA ROSEÑA O SIMILAR","M2","$31.921,79","$107.407,04"
"1","EDIFICACIONES","1.1","ENCHAPES","1.10.04","SUMINISTRO E INSTALACION DE ENCHAPE EN PORCELANA ATLANTIS O SIMILAR 20*20","M2","$19.644,17","$53.375,91"
"1","EDIFICACIONES","1.1","ENCHAPES","1.10.05","SUMINISTRO E INSTALACION DE ENCHAPE EN PORCELANA OLIMPIA 20X20 O SIMILAR","M2","$18.031,20","$52.392,21"
"1","EDIFICACIONES","1.1","ENCHAPES","1.10.06","SUMINISTRO E INSTALACION DE ESPACATO TRAVERTINO","M2","$39.288,35","$213.141,93"
"1","EDIFICACIONES","1.1","ENCHAPES","1.10.07","SUMINISTRO E INSTALACION DE INCRUSTACIONES 3 PIEZAS EN PORCELANA COLOR BLANCO","jgo","$49.110,44","$90.199,58"
"1","EDIFICACIONES","1.1","ENCHAPES","1.10.08","SUMINISTRO E INSTALACION DE INCRUSTACIONES 6 PIEZAS EN PORCELANA COLOR BLANCO","jgo","$49.110,44","$150.249,58"
"1","EDIFICACIONES","1.1","ENCHAPES","1.10.09","SUMINNISTRO E INSTALACION DE INCRUSTACIONES 8 PIEZAS EN PORCELANA COLOR BLANCO","jgo","$61.388,05","$194.970,29"
"1","EDIFICACIONES","1.1","ENCHAPES","1.10.10","MURETE DUCHA  0.10 X 0.20 MTS","ML","$19.398,62","$53.303,29"
"1","EDIFICACIONES","1.1","ENCHAPES","1.10.11","MURETE DUCHA  0.20 X 0.30 MTS","ML","$19.398,62","$53.311,74"
"1","EDIFICACIONES","1.1","ENCHAPES","1.10.12","SUMINISTRO E INSTALACION DE REJILLAS CUPULA TRAGANTE 5*3","UND","$7.366,57","$28.264,67"
"1","EDIFICACIONES","1.1","ENCHAPES","1.10.13","SUMINISTRO E INSTALACION DE REJILLAS CUPULA TRAGANTE 6*4","UND","$7.366,57","$34.533,06"
"1","EDIFICACIONES","1.1","ENCHAPES","1.10.14","SUMINISTRO E INSTALACIOREJILLAS DE PISO SOSCO 4*4*3 ALUMINIO","UND","$7.366,57","$19.548"
"1","EDIFICACIONES","1.1","ENCHAPES","1.10.15","SUMINISTRO E INSTALACION DE REJILLAS PLANA BRONCE 20*20","UND","$7.366,57","$32.914,67"
"1","EDIFICACIONES","1.1","ENCHAPES","1.10.16","SUMINISTRO E INSTALACION DE REJILLAS PLASTICA SOSCO 5*3","UND","$7.366,57","$18.176,55"
"1","EDIFICACIONES","1.1","ENCHAPES","1.10.17","SUMINISTRO E INSTALACION DE REJILLAS PLASTICAS SOSCO 4*4*3","UND","$7.366,57","$11.660,92"
"1","EDIFICACIONES","1.1","ENCHAPES","1.10.18","SUMINISTRO E INSTALACION REJILLAS VENTILACION 20*20 ALUMINIO","UND","$7.366,57","$32.914,67"
"1","EDIFICACIONES","1.1","ENCHAPES","1.10.19","REMATE BOCEL ALUMINIO ""WINGS""","ML","$7.121,02","$8.917,57"
"1","EDIFICACIONES","1.1","ENCHAPES","1.10.20","REMATE BOCEL PORCELANA E= 0.11 MTS","ML","$12.277,60","$18.925,28"
"1","EDIFICACIONES","1.1","ENCHAPES","1.10.21","SUMINISTRO E INSTALACION DE TUBO CORTINA DUCHA E= 1.50 MTS","UND","$7.366,57","$23.523,87"
"1","EDIFICACIONES","1.11","PISOS - BASES - ACABADOS","1.11.01","ALISTADO ENDURECIDO 4CM","M2","$7.366,57","$44.057,57"
"1","EDIFICACIONES","1.11","PISOS - BASES - ACABADOS","1.11.02","ALISTADO PARA LISTÓN 4CM","M2","$9.822,09","$15.322,59"
"1","EDIFICACIONES","1.11","PISOS - BASES - ACABADOS","1.11.03","ALISTADO IMPERMEABILIZADO E=4CM - 1:3","M2","$9.822,09","$33.790,36"
"1","EDIFICACIONES","1.11","PISOS - BASES - ACABADOS","1.11.04","ALISTADO PISO E= 4 CM  - 1:5","M2","$9.822,09","$24.941,36"
"1","EDIFICACIONES","1.11","PISOS - BASES - ACABADOS","1.11.05","ALISTADO TERRAZAS E=8 CM","M2","$14.733,13","$86.723,29"
"1","EDIFICACIONES","1.11","PISOS - BASES - ACABADOS","1.11.06","BASE EN MATERIAL DE AFIRMADO COMPACTADO","M3","$19.643,74","$57.047,23"
"1","EDIFICACIONES","1.11","PISOS - BASES - ACABADOS","1.11.07","BOCA PUERTA EN GRANITO PULIDO","ML","$35.554,44","$61.339,04"
"1","EDIFICACIONES","1.11","PISOS - BASES - ACABADOS","1.11.08","BOCA PUERTA EN GRANITO SIN PULIR","ML","$29.347,28","$46.220,59"
"1","EDIFICACIONES","1.11","PISOS - BASES - ACABADOS","1.11.09","PASO ESCALERA GRANITO DE 80 A 100 CM","ML","$56.477,01","$124.348,44"
"1","EDIFICACIONES","1.11","PISOS - BASES - ACABADOS","1.11.10","PASOS ESCALERA GRAVILLA LAVADA","ML","$56.477,01","$86.147,22"
"1","EDIFICACIONES","1.11","PISOS - BASES - ACABADOS","1.11.11","PIRLANES ALUMINIO","ML","$7.366,57","$17.003,37"
"1","EDIFICACIONES","1.11","PISOS - BASES - ACABADOS","1.11.12","PIRLANES LADRILLO","ML","$20.626,38","$30.806,8"
"1","EDIFICACIONES","1.11","PISOS - BASES - ACABADOS","1.11.13","PISO ALFOMBRA RESIDENCIAL ALFA BERBER O SIMILAR","M2","$3.928,83","$47.749,32"
"1","EDIFICACIONES","1.11","PISOS - BASES - ACABADOS","1.11.14","PISO ALFOMBRA RESIDENCIAL TERUEL 7 mm O SIMILAR","M2","$2.455,52","$59.003,95"
"1","EDIFICACIONES","1.11","PISOS - BASES - ACABADOS","1.11.15","PISO CERÁMICA  25*25 CM","M2","$20.871,94","$49.467,56"
"1","EDIFICACIONES","1.11","PISOS - BASES - ACABADOS","1.11.16","PISO EN GRAMA (SEMILLAS)","M2","$2.455,52","$7.607,19"
"1","EDIFICACIONES","1.11","PISOS - BASES - ACABADOS","1.11.17","PISO EN GRANITO LAVADO","M2","$36.832,82","$153.041,17"
"1","EDIFICACIONES","1.11","PISOS - BASES - ACABADOS","1.11.18","PISO EN POLVO DE LADRILLO","M3","$17.188,65","$349.855,32"
"1","EDIFICACIONES","1.11","PISOS - BASES - ACABADOS","1.11.19","PISO GRANITO PULIDO","M2","$36.832,82","$156.634,14"
"1","EDIFICACIONES","1.11","PISOS - BASES - ACABADOS","1.11.20","PISO GRAVILLA LAVADA DE RIO","M2","$61.388,05","$93.658,36"
"1","EDIFICACIONES","1.11","PISOS - BASES - ACABADOS","1.11.21","PISO LISTON MADERA M.H. AMARILLO E= 8CM","M2","$14.733,13","$97.751,66"
"1","EDIFICACIONES","1.11","PISOS - BASES - ACABADOS","1.11.22","PISO PLANCHUELA DE MARMOL BRECCIA","M2","$31.921,79","$168.016,46"
"1","EDIFICACIONES","1.11","PISOS - BASES - ACABADOS","1.11.23","PISO TABLÓN DE GRES 30*30 CM","M2","$21.451,64","$57.628,31"
"1","EDIFICACIONES","1.11","PISOS - BASES - ACABADOS","1.11.24","PISO VINILO PISOPAK 1.6MM","M2","$6.138,80","$37.790,74"
"1","EDIFICACIONES","1.11","PISOS - BASES - ACABADOS","1.11.25","PLACA BASE EN CONCRETO E= 8 CM 2500 PSI","M2","$19.644,17","$61.867,06"
"1","EDIFICACIONES","1.11","PISOS - BASES - ACABADOS","1.11.26","PLACA BASE EN CONCRETO E= 10 CM 2500 PSI","M2","$16.206,45","$66.938,23"
"1","EDIFICACIONES","1.11","PISOS - BASES - ACABADOS","1.11.27","POYOS COCINA Y BASE MUEBLES A= 60 CM E= 8 CM","M2","$12.768,71","$41.742,57"
"1","EDIFICACIONES","1.11","PISOS - BASES - ACABADOS","1.11.28","PULIDA Y DESTRONADO DE PISO EN BALDOSÍN DE GRANITO","M2","$8.594,33","$15.598,8"
"1","EDIFICACIONES","1.11","PISOS - BASES - ACABADOS","1.11.29","PULIDAD DE PISO EN MARMOL","M2","$17.188,65","$24.661,93"
"1","EDIFICACIONES","1.11","PISOS - BASES - ACABADOS","1.11.30","SUMINISTRO E INSTALACIÓN DE ADOQUÍN PEATONAL CONCRETO 6 CM","M2","$12.277,61","$48.748,59"
"1","EDIFICACIONES","1.11","PISOS - BASES - ACABADOS","1.11.31","SUMINISTRO E INSTALACIÓN DE ADOQUÍN VEHICULAR CONCRETO 8 CM","M2","$17.188,65","$55.071,68"
"1","EDIFICACIONES","1.11","PISOS - BASES - ACABADOS","1.11.32","SUMINISTRO E INSTALACIÓN ADOQUÍN DE GRES PEATONAL 10*20*25 CM","M2","$25.331,11","$75.847,18"
"1","EDIFICACIONES","1.11","PISOS - BASES - ACABADOS","1.11.33","SUMINISTRO E INSTALACIÓN DE BALDOSÍN DE CEMENTO 25*25 CM","M2","$23.327,46","$62.962,22"
"1","EDIFICACIONES","1.11","PISOS - BASES - ACABADOS","1.11.34","SUMINISTRO E INSTALACIÓN DE BALDOSÍN DE GRANITO No. 5  30*30*1.7 CM","M2","$23.327,46","$74.733,78"
"1","EDIFICACIONES","1.11","PISOS - BASES - ACABADOS","1.11.35","SUMINISTRO E INSTALACIÓN DE CAÑUELA CONCRETO 0.20  X 0.12 MTS","ML","$19.644,18","$31.294,44"
"1","EDIFICACIONES","1.11","PISOS - BASES - ACABADOS","1.11.36","SUMINISTRO E INSTALACIÓN DE GUARDAESCOBA  GRANITO","ML","$12.277,60","$37.247,31"
"1","EDIFICACIONES","1.11","PISOS - BASES - ACABADOS","1.11.37","SUMINISTRO E INSTALACIÓN DE GUARDAESCOBA BALDOSIN","ML","$12.277,60","$39.999,78"
"1","EDIFICACIONES","1.11","PISOS - BASES - ACABADOS","1.11.38","SUMINISTRO E INSTALACIÓN DE GUARDAESCOBA CON BALDOSÍN DE GRANITO","ML","$12.277,60","$41.470,26"
"1","EDIFICACIONES","1.11","PISOS - BASES - ACABADOS","1.11.39","SUMINISTRO E INSTALACIÓN DE GUARDAESCOBA VINISOL 7 CM","ML","$6.138,80","$16.735,72"
"1","EDIFICACIONES","1.11","PISOS - BASES - ACABADOS","1.11.40","SUMINISTRO E INSTALACIÓN DE GUARDAESCOBA VIROLA 8 CM","ML","$4.911,05","$10.272,67"
"1","EDIFICACIONES","1.11","PISOS - BASES - ACABADOS","1.11.41","SUMINISTRO E INSTALACIÓN DE GUARDAESCOBA EN PINO","ML","$7.305,14","$16.196,61"
"1","EDIFICACIONES","1.11","PISOS - BASES - ACABADOS","1.11.42","SUMINISTRO E INSTALACIÓN DE TABLETA DE GRES 20*20 CM","M2","$17.188,65","$41.467,91"
"1","EDIFICACIONES","1.11","PISOS - BASES - ACABADOS","1.11.43","SUMINISTRO E INSTALACIÓN TABLÓN DE GRES 30*30 CM","M2","$12.277,60","$54.441,23"
"1","EDIFICACIONES","1.12","CUBIERTAS","1.12.01","AFINADO CUBIERTAS PLANAS E= 6CM","M2","$17.188,65","$47.368,81"
"1","EDIFICACIONES","1.12","CUBIERTAS","1.12.02","ALISTADO E IMPERMEABILIZADO PARA TEJA BARRO","M2","$35.642,76","$143.574,18"
"1","EDIFICACIONES","1.12","CUBIERTAS","1.12.03","SUMINISTRO E INSTALACIÓN DE BAJANTE AMAZONA","ML","$16.206,44","$67.277,32"
"1","EDIFICACIONES","1.12","CUBIERTAS","1.12.04","SUMINISTRO E INSTALACIÓN DE CANAL AMAZONA","ML","$22.959,13","$89.860,08"
"1","EDIFICACIONES","1.12","CUBIERTAS","1.12.05","SUMINISTRO E INSTALACIÓN DE CANAL PAVCO RAINGO","ML","$21.608,59","$65.787,31"
"1","EDIFICACIONES","1.12","CUBIERTAS","1.12.06","SUMINISTRO E INSTALACIÓN DE CANAL PVC REF 12445","ML","$19.987,95","$56.034,62"
"1","EDIFICACIONES","1.12","CUBIERTAS","1.12.07","SUMINISTRO E INSTALACIÓN DE CUBIERTA GALVANIZADA CL 30","M2","$7.366,57","$27.236,06"
"1","EDIFICACIONES","1.12","CUBIERTAS","1.12.08","SUMINISTRO E INSTALACIÓN DE CUBIERTA SENCILLA HUNTER DOUGLAS","M2","$9.085,43","$115.865,98"
"1","EDIFICACIONES","1.12","CUBIERTAS","1.12.09","SUMINISTRO E INSTALACION DE CUBIERTA TEJA CALIFORNIA DINALSA O SIMILAR","M2","$7.366,57","$28.884,22"
"1","EDIFICACIONES","1.12","CUBIERTAS","1.12.10","SUMINISTRO E INSTALACIÓN DE CUBIERTA TEJA DURALUM 812 DINALSA","M2","$7.366,57","$47.448,8"
"1","EDIFICACIONES","1.12","CUBIERTAS","1.12.11","SUMINISTRO E INSTALACIÓN DE ESTRUCTURA DE MADERA P/TEJA DE BARRO","ML","$45.672,71","$79.808,56"
"1","EDIFICACIONES","1.12","CUBIERTAS","1.12.12","SUMINISTRO E INSTALACIÓN DE ESTRUCTURA DE MADERA P/TEJA DE FIBROCEMENTO","ML","$24.555,22","$63.713,77"
"1","EDIFICACIONES","1.12","CUBIERTAS","1.12.13","SUMINISTRO E INSTALACIÓN DE ESTRUCTURA METÁLICA P/TEJA FIBROCEMENTO","ML","$24.555,22","$98.396,72"
"1","EDIFICACIONES","1.12","CUBIERTAS","1.12.14","IMPERMEABILIZACIÓN AUTOPROTEGIDA","ML","$18.416,42","$62.264,21"
"1","EDIFICACIONES","1.12","CUBIERTAS","1.12.15","SUMINISTRO E INSTALACIÓN CUBIERTA SHINGLE CON IMPERMEABILIZANTE","M2","$20.135,28","$375.736,05"
"1","EDIFICACIONES","1.12","CUBIERTAS","1.12.16","SUMINISTRO E INSTALACIÓN BAJANTE EN LAMINA 12 X 6  CAL. 22","ML","$7.366,57","$54.719,01"
"1","EDIFICACIONES","1.12","CUBIERTAS","1.12.17","SUMINISTRO E INSTALACIÓN BAJANTE PLASTICA ALL X 3M","ML","$17.281,12","$48.551,5"
"1","EDIFICACIONES","1.12","CUBIERTAS","1.12.18","SUMINISTRO E INSTALACIÓN CABALLETE ARTICULADO TEJA ESPAÑOLA EN FIBROCEMENTO","ML","$7.366,57","$71.632,79"
"1","EDIFICACIONES","1.12","CUBIERTAS","1.12.19","SUMINISTRO E INSTALACIÓN CABALLETE ONDULADO FIBROCEMENTO","ML","$13.259,82","$48.186,72"
"1","EDIFICACIONES","1.12","CUBIERTAS","1.12.20","SUMINISTRO E INSTALACIÓN CANAL EN LAMINA CAL. 22","ML","$7.366,57","$54.019,53"
"1","EDIFICACIONES","1.12","CUBIERTAS","1.12.21","SUMINISTRO E INSTALACIÓN CANAL PLASTICA  ALL 3 M","ML","$28.196,01","$62.856,03"
"1","EDIFICACIONES","1.12","CUBIERTAS","1.12.22","SUMINISTRO E INSTALACIÓN CUBIERTA ARQUITECTÓNICA GALVANIZADA O SIMILAR CAL 30","M2","$23.514,78","$47.638,02"
"1","EDIFICACIONES","1.12","CUBIERTAS","1.12.23","SUMINISTRO E INSTALACIÓN CUBIERTA EN TEJA FIBROCEMENTO NUMERO 10","M2","$25.194,41","$52.209,47"
"1","EDIFICACIONES","1.12","CUBIERTAS","1.12.24","SUMINISTRO E INSTALACIÓN CUBIERTA EN TEJA FIBROCEMENTO NUMERO 4","M2","$13.437,02","$35.011,93"
"1","EDIFICACIONES","1.12","CUBIERTAS","1.12.25","SUMINISTRO E INSTALACIÓN CUBIERTA EN TEJA FIBROCEMENTO NUMERO 6","M2","$20.155,53","$41.801,76"
"1","EDIFICACIONES","1.12","CUBIERTAS","1.12.26","SUMINISTRO E INSTALACIÓN CUBIERTA EN TEJA FIBROCEMENTO NUMERO 8","M2","$23.514,78","$44.924,67"
"1","EDIFICACIONES","1.12","CUBIERTAS","1.12.27","SUMINISTRO E INSTALACIÓN CUBIERTA EN TEJA POLICARBONATO P7 N° 6","M2","$20.155,53","$57.481,16"
"1","EDIFICACIONES","1.12","CUBIERTAS","1.12.28","SUMINISTRO E INSTALACIÓN CUBIERTA EN TEJA PANEL METÁLICO DE ALUZINC - ALUZINC CAL 26 TIPO SANDUCHE, CON POLIURETANO EXPANDIDO DE ALTA DENSIDAD, ACABADO EN PINTURA POLIESTER","M2","$23.514,78","$176.691,43"
"1","EDIFICACIONES","1.12","CUBIERTAS","1.12.29","SUMINISTRO E INSTALACIÓN CUBIERTA EN TEJA TECHOLINE","M2","$184.759,02","$220.646,88"
"1","EDIFICACIONES","1.12","CUBIERTAS","1.12.30","SUMINISTRO E INSTALACIÓN CUBIERTA EN TEJA TRANSPARENTE No. 6 NO INCLUYE ENTRAMADO","M2","$13.505,37","$46.170,8"
"1","EDIFICACIONES","1.12","CUBIERTAS","1.12.31","SUMINISTRO E INSTALACIÓN CUBIERTA LAMINA POLICARBONATO  Cal. 6 mm","M2","$14.733,13","$105.665,68"
"1","EDIFICACIONES","1.12","CUBIERTAS","1.12.32","SUMINISTRO E INSTALACIÓN CUBIERTA TEJA ONDULADA THERMOACUSTICA 0.83 X 12","M2","$16.796,27","$64.002,65"
"1","EDIFICACIONES","1.12","CUBIERTAS","1.12.33","SUMINISTRO E INSTALACIÓN CUBIERTA THERMOACUSTICA ONDULADA EN POLIPROPILENO No. 10","M2","$15.960,89","$65.451,52"
"1","EDIFICACIONES","1.12","CUBIERTAS","1.12.34","SUMINISTRO E INSTALACIÓN ENTRAMADO PARA TEJA  ESPAÑOLA EN FIBROCEMENTO","M2","$24.555,22","$46.690,45"
"1","EDIFICACIONES","1.12","CUBIERTAS","1.12.35","SUMINISTRO E INSTALACIÓN ENTRAMADO PARA TEJA  ONDULADA","M2","$24.555,22","$46.690,45"
"1","EDIFICACIONES","1.12","CUBIERTAS","1.12.36","SUMINISTRO E INSTALACIÓN ENTRAMADO PARA TEJA DE BARRO","M2","$45.427,16","$74.634,38"
"1","EDIFICACIONES","1.12","CUBIERTAS","1.12.37","SUMINISTRO E INSTALACIÓN FLANCHE EN LAMINA","ML","$17.188,65","$35.951,83"
"1","EDIFICACIONES","1.12","CUBIERTAS","1.12.38","SUMINISTRO E INSTALACIÓN IMPERFRESCO CUBIERTA","ML","$20.871,94","$35.150,54"
"1","EDIFICACIONES","1.12","CUBIERTAS","1.12.39","SUMINISTRO E INSTALACIÓN IMPERMEABILIZACION EN MANTO ASFALTICO PARA CANALES Y VIGACANALES","ML","$25.194,41","$59.547,39"
"1","EDIFICACIONES","1.12","CUBIERTAS","1.12.40","SUMINISTRO E INSTALACIÓN LAMINA ALVEOLAR 4MM FIBRA DE CARBONO","M2","$14.733,13","$51.989,61"
"1","EDIFICACIONES","1.12","CUBIERTAS","1.12.41","SUMINISTRO E INSTALACIÓN LAMINA ALVEOLAR 6MM FIBRA DE CARBONO","M2","$14.733,13","$49.360,46"
"1","EDIFICACIONES","1.12","CUBIERTAS","1.12.42","SUMINISTRO E INSTALACIÓN MANTO FIBERGLASS","M2","$20.155,53","$60.211,51"
"1","EDIFICACIONES","1.12","CUBIERTAS","1.12.43","SUMINISTRO E INSTALACIÓN PERFILERIA METALICA PARA ESTRUCTURA DE CUBIERTA. DIMENSIONES Y CALIBRES SEGÚN DISEÑO","kg","$4.409,66","$10.828,84"
"1","EDIFICACIONES","1.12","CUBIERTAS","1.12.44","SUMINISTRO E INSTALACIÓN TEJA  ESPAÑOLA ETERNIT (NO INCLUYE ENTRAMADO)","M2","$11.049,85","$74.502,5"
"1","EDIFICACIONES","1.12","CUBIERTAS","1.12.45","SUMINISTRO E INSTALACIÓN TEJA DE BARRO SOBRE ETERNIT.","M2","$17.188,65","$62.363,13"
"1","EDIFICACIONES","1.12","CUBIERTAS","1.12.46","SUMINISTRO E INSTALACIÓN TEJA DE BARRO TIPO ESPAÑOLA","M2","$34.377,31","$107.495,26"
"1","EDIFICACIONES","1.12","CUBIERTAS","1.12.47","SUMINISTRO E INSTALACIÓN TEJA THERMOACUSTICA TIPO TRAPEZOIDAL a 360","M2","$13.505,37","$53.238,67"
"1","EDIFICACIONES","1.12","CUBIERTAS","1.12.48","SUMINISTRO E INTALACION CUBIERTA ARQUITECTONICA METALICA TIPO ACESCO O SIMILAR 0.73 X 3.66  M","M2","$5.814,78","$34.695,09"
"1","EDIFICACIONES","1.12","CUBIERTAS","1.12.49","TRAGANTES  6","UND","$9.822,09","$28.121,15"
"1","EDIFICACIONES","1.13","CIELO RASOS","1.13.01","APLIQUE DE LUZ EN YESO O SIMILAR","UND","$12.277,60","$70.982,76"
"1","EDIFICACIONES","1.13","CIELO RASOS","1.13.02","ARMADURA MADERA Y MALLA.","M2","$27.010,74","$38.944,47"
"1","EDIFICACIONES","1.13","CIELO RASOS","1.13.03","ARMADURA MADERA Y MALLA CON VENA","M2","$24.555,22","$43.994,43"
"1","EDIFICACIONES","1.13","CIELO RASOS","1.13.04","CIELO RASO BÓVEDAS DRYWALL","M2","$41.252,78","$68.917,42"
"1","EDIFICACIONES","1.13","CIELO RASOS","1.13.05","CIELO RASO DURACUSTICO CIROCCO","M2","$16.206,44","$56.282,34"
"1","EDIFICACIONES","1.13","CIELO RASOS","1.13.06","CIELO RASO EN DRYWALL 1/2","M2","$24.555,22","$60.101,62"
"1","EDIFICACIONES","1.13","CIELO RASOS","1.13.07","CIELO RASO EN LAMINA DURACUSTIC 5/8"" R.H","M2","$14.733,13","$54.096,05"
"1","EDIFICACIONES","1.13","CIELO RASOS","1.13.08","CIELO RASO EN MADERA MACHIMBRE","M2","$12.277,60","$53.875,39"
"1","EDIFICACIONES","1.13","CIELO RASOS","1.13.09","CIELO RASO EN SUPERBOARD 8MM","M2","$29.466,27","$74.418,62"
"1","EDIFICACIONES","1.13","CIELO RASOS","1.13.10","CIELO RASO LISTON MACHIEMBRIADO CIPRES","M2","$36.832,82","$66.665,75"
"1","EDIFICACIONES","1.13","CIELO RASOS","1.13.11","CIELO RASO METALICOS","M2","$43.292,50","$176.088,2"
"1","EDIFICACIONES","1.13","CIELO RASOS","1.13.12","CIELO RASO THERMOACUSTICOS EN SUPERBOARD 8 MM","M2","$29.466,27","$78.130,46"
"1","EDIFICACIONES","1.13","CIELO RASOS","1.13.13","MALLA CON VENA PARA PAÑETAR","M2","$8.594,33","$15.599,23"
"1","EDIFICACIONES","1.13","CIELO RASOS","1.13.14","TABLEX PIZANO 9 MM INCLUYE ALISTADO INMUNIZADO","M2","$27.010,74","$70.154,47"
"1","EDIFICACIONES","1.13","CIELO RASOS","1.13.15","CORNISAS EN YESO","ML","$6.138,81","$19.900,34"
"1","EDIFICACIONES","1.13","CIELO RASOS","1.13.16","LAMINA ICOPOR RUSTICO INCUYE ALISTADO ALUMINIO","M2","$23.514,78","$58.768,88"
"1","EDIFICACIONES","1.13","CIELO RASOS","1.13.17","LAMINA PANEL(PVC-FOIL ALUM)","M2","$16.124,55","$32.753,4"
"1","EDIFICACIONES","1.13","CIELO RASOS","1.13.18","LAMINA PLANA ETERNIT O SIMILAR INCLUYE ALISTADO ALUMINIO","M2","$24.555,22","$106.965,48"
"1","EDIFICACIONES","1.13","CIELO RASOS","1.13.19","LAMINA PLANA SUPERCELL INCLUYE ALISTADO ALUMINIO","M2","$23.514,78","$84.870,19"
"1","EDIFICACIONES","1.13","CIELO RASOS","1.13.20","LISTÓN M.H. EN PINO CIPRÉS INCLUYE MEDIA CAÑA","M2","$12.277,61","$90.598,18"
"1","EDIFICACIONES","1.13","CIELO RASOS","1.13.21","LUXACELL ACERO","M2","$736,66","$291.192,54"
"1","EDIFICACIONES","1.14","CARPINTERÍA MADERA","1.14.01","BARANDA EN MADERA CEDRO MACHO","ML","$58.932,54","$154.063,35"
"1","EDIFICACIONES","1.14","CARPINTERÍA MADERA","1.14.02","CLOSET TIPO A CEDRO CAQUETA FORRADO (entablerado)","M2","$412.527,78","$879.553,09"
"1","EDIFICACIONES","1.14","CARPINTERÍA MADERA","1.14.03","CLOSET TIPO B CEDRO CAQUETA SIN FORRAR (puerta entablerada)","M2","$294.662,70","$589.448,03"
"1","EDIFICACIONES","1.14","CARPINTERÍA MADERA","1.14.04","CLOSETS MADERA ABARCO (puerta entablerada; sin forrar)","M2","$235.730,16","$380.775,5"
"1","EDIFICACIONES","1.14","CARPINTERÍA MADERA","1.14.05","CLOSETS MADERA AMARILLO (puerta entablerada; sin forrar)","M2","$206.263,89","$393.185,49"
"1","EDIFICACIONES","1.14","CARPINTERÍA MADERA","1.14.06","CLOSETS MADERA GUAYACÁN (puerta entablerada; sin forrar)","M2","$235.730,16","$611.744,24"
"1","EDIFICACIONES","1.14","CARPINTERÍA MADERA","1.14.07","CLOSETS MADERA PINO","M2","$235.730,16","$397.427,67"
"1","EDIFICACIONES","1.14","CARPINTERÍA MADERA","1.14.08","GABINETES DE BAÑOS MADERA ABARCO 80 CM (tamboreado y forrado)","ML","$235.730,16","$434.089,67"
"1","EDIFICACIONES","1.14","CARPINTERÍA MADERA","1.14.09","GABINETES DE BAÑOS MADERA AMARILLO 80 CM (tablereado y forrado)","ML","$294.662,70","$540.297,69"
"1","EDIFICACIONES","1.14","CARPINTERÍA MADERA","1.14.10","GABINETES DE BAÑOS MADERA GUAYACÁN 80 CM ALTO","ML","$265.196,43","$875.470,32"
"1","EDIFICACIONES","1.14","CARPINTERÍA MADERA","1.14.11","GABINETES DE BAÑOS MADERA PINO 80 CM","ML","$235.730,16","$448.737,41"
"1","EDIFICACIONES","1.14","CARPINTERÍA MADERA","1.14.12","GABINETES DE COCINA MADERA ABARCO","M2","$235.730,16","$390.617,87"
"1","EDIFICACIONES","1.14","CARPINTERÍA MADERA","1.14.13","GABINETES DE COCINA MADERA AMARILLO","M2","$206.263,89","$376.357,74"
"1","EDIFICACIONES","1.14","CARPINTERÍA MADERA","1.14.14","GABINETES DE COCINA MADERA GUAYACAN","M2","$235.730,16","$817.550,81"
"1","EDIFICACIONES","1.14","CARPINTERÍA MADERA","1.14.15","GABINETES DE COCINA MADERA PINO","M2","$235.730,16","$365.214,91"
"1","EDIFICACIONES","1.14","CARPINTERÍA MADERA","1.14.16","HOJA PUERTA FORTEC O SIMILAR DE 60 CM ECONÓMICO","UND","$14.733,13","$175.539,79"
"1","EDIFICACIONES","1.14","CARPINTERÍA MADERA","1.14.17","HOJA PUERTA FORTEC O SIMILAR  DE 80 CM ECONÓMICO","UND","$14.733,13","$242.527,79"
"1","EDIFICACIONES","1.14","CARPINTERÍA MADERA","1.14.18","HOJA PUERTA FORTEC O SIMILAR 100 CM ECONÓMICO","UND","$14.733,13","$210.141,79"
"1","EDIFICACIONES","1.14","CARPINTERÍA MADERA","1.14.19","HOJA PUERTA TRIPLEX DE 60 CM ECONÓMICA PIZANO O SIMILAR","UND","$20.626,39","$156.338,92"
"1","EDIFICACIONES","1.14","CARPINTERÍA MADERA","1.14.20","HOJA PUERTA TRIPLEX DE 80 CM ECONÓMICO PIZANO O SIMILAR","UND","$14.733,13","$171.327,79"
"1","EDIFICACIONES","1.14","CARPINTERÍA MADERA","1.14.21","HOJA PUERTA TRIPLEX DE 100 CM ECONÓMICO PIZANO O SIMILAR","UND","$14.733,13","$275.027,79"
"1","EDIFICACIONES","1.14","CARPINTERÍA MADERA","1.14.22","MARCO Y PUERTA MADERA PINO ENTABL. TRIPLEX 70-90 * 200 CM","UND","$117.865,08","$370.577,33"
"1","EDIFICACIONES","1.14","CARPINTERÍA MADERA","1.14.23","MUEBLE BAJO DE 80 CM CEDRO CAQUETA","ML","$353.595,24","$738.611,2"
"1","EDIFICACIONES","1.14","CARPINTERÍA MADERA","1.14.24","MUEBLE TIPO LINOS CEDRO CAQUETA","M2","$294.662,70","$595.290,37"
"1","EDIFICACIONES","1.14","CARPINTERÍA MADERA","1.14.25","PASA MANOS ESCALERA ABARCO","ML","$41.252,78","$75.923,67"
"1","EDIFICACIONES","1.14","CARPINTERÍA MADERA","1.14.26","PASA MANOS ESCALERA AMARILLO","ML","$35.359,52","$94.908"
"1","EDIFICACIONES","1.14","CARPINTERÍA MADERA","1.14.27","PASA MANOS ESCALERA GUAYACÁN","ML","$29.466,27","$281.801,08"
"1","EDIFICACIONES","1.14","CARPINTERÍA MADERA","1.14.28","PASA MANOS ESCALERA PINO","ML","$35.359,52","$82.268,5"
"1","EDIFICACIONES","1.14","CARPINTERÍA MADERA","1.14.29","PASA MANOS ESCALERA CEDRO CAQUETA","M2","$29.466,27","$85.960,43"
"1","EDIFICACIONES","1.14","CARPINTERÍA MADERA","1.14.30","PIRLAN DE MADERA CEDROS CAQUETA A= 15 CM","ML","$23.573,02","$43.605,48"
"1","EDIFICACIONES","1.14","CARPINTERÍA MADERA","1.14.31","PUERTA MARCO MADERA ABARCO ENTABL. TRIPLEX 4MM ECONOMICA 70 - 90 * 200 CM","UND","$117.865,08","$333.497,09"
"1","EDIFICACIONES","1.14","CARPINTERÍA MADERA","1.14.32","PUERTA MARCO MADERA AMARILLO ENTABL. TRIPLEX  80 - 100 * 200 CM","UND","$117.865,08","$470.189,58"
"1","EDIFICACIONES","1.14","CARPINTERÍA MADERA","1.14.33","PUERTA MARCO MADERA ENTABL. CEDRO  100 *  210 CM","UND","$412.527,78","$1.128.287,67"
"1","EDIFICACIONES","1.14","CARPINTERÍA MADERA","1.14.34","PUERTA MARCO MADERA GUAYACÁN ENTABL. TRIPLEX 80 - 100 * 200 CM","UND","$132.598,21","$1.368.014,03"
"1","EDIFICACIONES","1.14","CARPINTERÍA MADERA","1.14.35","VENTANERIA  EN MADERA ABARCO","M2","$73.665,67","$114.756,95"
"1","EDIFICACIONES","1.14","CARPINTERÍA MADERA","1.14.36","VENTANERIA  EN MADERA AMARILLO","M2","$73.665,67","$145.621,1"
"1","EDIFICACIONES","1.14","CARPINTERÍA MADERA","1.14.37","VENTANERIA  EN MADERA GUAYACAN","M2","$73.665,67","$358.010,2"
"1","EDIFICACIONES","1.14","CARPINTERÍA MADERA","1.14.38","VENTANERIA EN MADERA PINO","M2","$73.665,67","$134.281,2"
"1","EDIFICACIONES","1.14","CARPINTERÍA MADERA","1.14.39","VENTANERIA EN MADERA TIPO CEDRO CAQUETA","M2","$73.665,67","$265.010,2"
"1","EDIFICACIONES","1.15","CARPINTERÍA METÁLICA","1.15.01","CORREA 2 D=1/2"" 1 D=1/2"" CELOSIA EN 3/8"" INC. ANTICORR.","ML","$74.566,19","$91.541,51"
"1","EDIFICACIONES","1.15","CARPINTERÍA METÁLICA","1.15.02","CORREA 2 D=1/2"" 1 D=5/8"" CELOSIA EN 3/8 INC. ANTICORR.","ML","$74.566,19","$95.438,38"
"1","EDIFICACIONES","1.15","CARPINTERÍA METÁLICA","1.15.03","DIVISIONES PARA BAÑO EN ALUMINIO Y VIDRIO TEMPLADO DE 0,05 MM","M2","$27.010,75","$363.361,29"
"1","EDIFICACIONES","1.15","CARPINTERÍA METÁLICA","1.15.04","DIVISIONES PARA BAÑOS EN ALUMINIO Y ACRILICO 0.05 MM","M2","$27.010,75","$207.979,29"
"1","EDIFICACIONES","1.15","CARPINTERÍA METÁLICA","1.15.05","ESCALERA DE GATO INC. ANTICORR. TUBO D=1""","ML","$56.002,65","$200.041,2"
"1","EDIFICACIONES","1.15","CARPINTERÍA METÁLICA","1.15.06","PUERTA DE ACCESO EN ALUMINIO PERFIL  1 1/2"" X 1 1/2""","M2","$24.555,22","$303.419,88"
"1","EDIFICACIONES","1.15","CARPINTERÍA METÁLICA","1.15.07","SUMINISTRO E INSTALACIÓN MARCO EN LAMINA   A=90 CM  CAL 18  INC. ANTICORROSIVO","UND","$50.911,50","$142.509,3"
"1","EDIFICACIONES","1.15","CARPINTERÍA METÁLICA","1.15.08","SUMINISTRO E INSTALACIÓN PUERTA EN LAMINA CAL 18  INC. ANTICORROSIVO","M2","$101.823,00","$224.637,24"
"1","EDIFICACIONES","1.15","CARPINTERÍA METÁLICA","1.15.09","SUMINISTRO E INSTALACIÓN PUERTA VENTANA EN LAMINA CAL 18 INC. ANTICORR.","M2","$99.777,50","$221.233,2"
"1","EDIFICACIONES","1.15","CARPINTERÍA METÁLICA","1.15.10","SUMINISTRO E INSTALACION PUERTA Y MARCO CAL. 18  1 X 2  INCLUYE  ANTICORROSIVO","UND","$85.687,17","$421.727,62"
"1","EDIFICACIONES","1.15","CARPINTERÍA METÁLICA","1.15.11","SUMINISTRO E INSTALACIÓN REJA  BANCARIA INC. ANTICORROSIVO","M2","$55.102,12","$91.883,05"
"1","EDIFICACIONES","1.15","CARPINTERÍA METÁLICA","1.15.12","SUMINISTRO E INSTALACIÓN REJA EN LAMINA CAL. 18 INC. ANTICORROSIVO","M2","$87.744,32","$171.857,78"
"1","EDIFICACIONES","1.15","CARPINTERÍA METÁLICA","1.15.13","SUMINISTRO E INSTALACION TEMPLETES 3/8"" INC. ANTICORR.","ML","$7.366,57","$12.068,45"
"1","EDIFICACIONES","1.15","CARPINTERÍA METÁLICA","1.15.14","SUMINSITRO E INSTALACIÓN VENTANA LAMINA CAL. 18 CON VIDRIO INC. ANTICORR.","M2","$87.712,16","$221.874,28"
"1","EDIFICACIONES","1.15","CARPINTERÍA METÁLICA","1.15.15","VENTANA EN ALUMINIO  CORREDIZA","M2","$49.110,44","$224.019,25"
"1","EDIFICACIONES","1.15","CARPINTERÍA METÁLICA","1.15.16","VENTANA EN ALUMINIO  PROYECTANTE","M2","$51.565,96","$184.512,94"
"1","EDIFICACIONES","1.15","CARPINTERÍA METÁLICA","1.15.17","DIVISIÓN PARA BATERIA SANITARIA EN ACERO INOXIDABLE CALIBRE 20 REF. 304 SATINADO","M2","$27.010,75","$587.723,89"
"1","EDIFICACIONES","1.15","CARPINTERÍA METÁLICA","1.15.18","BARRA DE SEGURIDAD PARA MOVILIDAD REDUCIDA EN ACERO INOXIDABLE CALIBRE 18 D = 1 1/2"" (distancia mayor a 1 ml)","ML","$5.402,15","$193.976,68"
"1","EDIFICACIONES","1.16","APARATOS SANITARIOS","1.16.01","APARATOS SANITARIOS BAJO CONSUMO CON VALVULA ANTIVANDALICA","UND","$29.466,27","$665.592,83"
"1","EDIFICACIONES","1.16","APARATOS SANITARIOS","1.16.02","DUCHA MEZCLADORA BAÑERA TAYRONA O SIMILAR","UND","$8.103,23","$82.641,39"
"1","EDIFICACIONES","1.16","APARATOS SANITARIOS","1.16.03","SUMINISTRO E INSTALACIÓN. LAVAMANOS AVANTI CON PEDESTAL COLOR BLANCO INC. GRIFERIA","UND","$13.505,37","$174.582,49"
"1","EDIFICACIONES","1.16","APARATOS SANITARIOS","1.16.04","SUMINISTRO E INSTALACIÓN COMBO ACUACER LAVAMANOS, SANITARIO, GRIFERIA  E INCRUSTACIONES","UND","$43.217,20","$325.482,41"
"1","EDIFICACIONES","1.16","APARATOS SANITARIOS","1.16.05","SUMINISTRO E INSTALACIÓN COMBO SENSACION LAVAMANOS, SANITARIO, GRIFERIA E INCRUSTACIONES","UND","$41.770,98","$345.867,38"
"1","EDIFICACIONES","1.16","APARATOS SANITARIOS","1.16.06","SUMINISTRO E INSTALACIÓN DE DISPENSADOR DE JABÓN","UND","$12.277,60","$154.961,7"
"1","EDIFICACIONES","1.16","APARATOS SANITARIOS","1.16.07","SUMINISTRO E INSTALACIÓN DE GABINETES PARA TOALLAS DE PAPEL PARA BAÑOS EN  ACERO INOXIDABLE","UND","$6.138,80","$253.097,91"
"1","EDIFICACIONES","1.16","APARATOS SANITARIOS","1.16.08","SUMINISTRO E INSTALACIÓN DE SECADOR ELÉCTRICO PARA MANOS, AUTOMÁTICO EN ACERO INOXIDABLE TIPO POTENZA O SIMILAR","UND","$19.580,15","$804.636,33"
"1","EDIFICACIONES","1.16","APARATOS SANITARIOS","1.16.09","SUMINISTRO E INSTALACIÓN DUCHA SENCILLA","UND","$8.103,23","$46.243,77"
"1","EDIFICACIONES","1.16","APARATOS SANITARIOS","1.16.10","SUMINISTRO E INSTALACIÓN LAVAMANOS ACUACER BLANCO DE COLGAR INC. GRIFERIA","UND","$27.010,75","$106.236,29"
"1","EDIFICACIONES","1.16","APARATOS SANITARIOS","1.16.11","SUMINISTRO E INSTALACIÓN LAVAMANOS ENSO CON PEDESTAL INC. GRIFERIA","UND","$27.010,75","$293.653,29"
"1","EDIFICACIONES","1.16","APARATOS SANITARIOS","1.16.12","SUMINISTRO E INSTALACIÓN LAVAMANOS SOBREPONER ENNA COLOR BLANCO INC. GRIFERIA","UND","$27.010,75","$214.218,29"
"1","EDIFICACIONES","1.16","APARATOS SANITARIOS","1.16.13","SUMINISTRO E INSTALACIÓN ORINAL MEDIANO COMPLETO. GRIF TRADICIONAL CROMO","UND","$41.770,98","$240.817,53"
"1","EDIFICACIONES","1.16","APARATOS SANITARIOS","1.16.14","SUMINISTRO E INSTALACIÓN SANITARIO AVANTI PLUS BLANCO LAVAMANOS CON PEDESTAL, SANITARIO, GRIFERIA  E INCRUSTACIONES","UND","$41.770,98","$522.317,53"
"1","EDIFICACIONES","1.16","APARATOS SANITARIOS","1.16.15","SUMINISTRO E INSTALACIÓN SANITARIO AQUAPRO  LAVAMANOS SEMIPEDESTAL, SANITARIO, GRIFERIA E INCRUSTACIONES O SIMILAR","UND","$41.770,98","$627.077,53"
"1","EDIFICACIONES","1.16","APARATOS SANITARIOS","1.16.16","SUMINISTRO EN INSTALACIÓN DE PROTECTOR DE PAPEL HIGIÉNICO","UND","$12.277,60","$59.117,05"
"1","EDIFICACIONES","1.16","APARATOS SANITARIOS","1.16.17","SUMINISTRO E INSTALACIÓN BARRA DE SEGURIDAD EN ACERO INOXIDABLE  18""  (PARA BAÑOS)","UND","$4.911,05","$125.783,22"
"1","EDIFICACIONES","1.16","APARATOS SANITARIOS","1.16.18","SUMINISTRO E INSTALACIÓN BARRA DE SEGURIDAD EN ACERO INOXIDABLE  30""  (PARA BAÑOS)","UND","$4.911,05","$168.883,22"
"1","EDIFICACIONES","1.16","APARATOS SANITARIOS","1.16.19","SUMINISTRO E INSTALACIÓN BARRA DE SEGURIDAD EN ACERO INOXIDABLE PLEGABLE (PARA BAÑOS)","UND","$6.138,80","$538.997,91"
"1","EDIFICACIONES","1.16","APARATOS SANITARIOS","1.16.20","SUMINISTRO E INSTALACIÓN BARRA DE SEGURIDAD TIPO H EN ACERO INOXIDABLE  (PARA BAÑOS)","UND","$7.366,57","$762.562,61"
"1","EDIFICACIONES","1.16","APARATOS SANITARIOS","1.16.21","SUMINISTRO E INSTALACIÓN BARRA DE SEGURIDAD EN ACERO INOXIDABLE  12""  (PARA BAÑOS)","UND","$4.911,05","$123.583,22"
"1","EDIFICACIONES","1.17","VIDRIOS Y CERRADURAS","1.17.01","CERRADURA ALCOBA","UND","$18.416,42","$49.186"
"1","EDIFICACIONES","1.17","VIDRIOS Y CERRADURAS","1.17.02","CERRADURA BAÑO","UND","$18.416,42","$48,32"
"1","EDIFICACIONES","1.17","VIDRIOS Y CERRADURAS","1.17.03","CERRADURA ENTRADA DOBLE CILINDRO","UND","$22.099,71","$109.514,7"
"1","EDIFICACIONES","1.17","VIDRIOS Y CERRADURAS","1.17.04","ESPEJO 4 MM SIN BICEL","M2","$6.138,80","$76.044,05"
"1","EDIFICACIONES","1.17","VIDRIOS Y CERRADURAS","1.17.05","VIDRIO 4 MM","M2","$6.138,80","$40.954,66"
"1","EDIFICACIONES","1.17","VIDRIOS Y CERRADURAS","1.17.06","VIDRIO 5 MM","M2","$6.138,80","$48.168,46"
"1","EDIFICACIONES","1.18","OBRAS EXTERIORES","1.18.01","ADOQUIN DE GRES","M2","$17.188,65","$62.689,75"
"1","EDIFICACIONES","1.18","OBRAS EXTERIORES","1.18.02","ANDEN ADOQUIN DE GRES","M2","$24.555,22","$119.411,98"
"1","EDIFICACIONES","1.18","OBRAS EXTERIORES","1.18.03","ASEO GENERAL ENTREGA","M2","$4.911,05","$5.402,16"
"1","EDIFICACIONES","1.18","OBRAS EXTERIORES","1.18.04","CONCRETO ESTRIADO RAMPAS 17.5 MPa - (2500 PSI)","M2","$29.466,27","$105.619,44"
"1","EDIFICACIONES","1.18","OBRAS EXTERIORES","1.18.05","CONSTRUCCION DE ANDENES E=0.10 MTS,  EN CONCRETO DE 17.5 MPa -  (2500 PSI)","M2","$2.946,56","$58.740,91"
"1","EDIFICACIONES","1.18","OBRAS EXTERIORES","1.18.06","ESTUCO Y PINTURA DE FACHADAS HASTA 3 METROS","M2","$7.612,12","$10.884,9"
"1","EDIFICACIONES","1.18","OBRAS EXTERIORES","1.18.07","ESTUCO Y PINTURA DE FACHADAS ALTURA MAYOR A  3 METROS","M2","$7.612,12","$15.909,9"
"1","EDIFICACIONES","1.18","OBRAS EXTERIORES","1.18.08","FACHADA EN GRANIPLAS","M2","$7.857,67","$25.693,7"
"1","EDIFICACIONES","1.18","OBRAS EXTERIORES","1.18.09","MURO CARA DOBLE EN ETEBOARD 10 MM","M2","$29.781,96","$143.915,08"
"1","EDIFICACIONES","1.18","OBRAS EXTERIORES","1.18.10","PISO EN GRAMA INCL. TIERRA NEGRA","M2","$2.455,52","$28.516,92"
"1","EDIFICACIONES","1.18","OBRAS EXTERIORES","1.18.11","PRADIZACION (PASTO)","M2","$2.455,52","$24.344,32"
"1","EDIFICACIONES","1.18","OBRAS EXTERIORES","1.18.12","SARDINEL FUNDIDO IN-SITU H=0.40 MTS - A=0.20 MTS, CONCRETO DE 2500 PSI","ML","$11.295,40","$48.340,05"
"1","EDIFICACIONES","1.19","INSTALACIONES DEPORTIVAS","1.19.01","CANCHA MINI FUTBOL Y/O MINIBALONCESTO INCL. MALLA. TUBO 3"" Y 2""","UND","$0,00","$1.731.000,35"
"1","EDIFICACIONES","1.19","INSTALACIONES DEPORTIVAS","1.19.02","CANCHA MULTIPLE TUBO AGUA NEGRA 3""  Y 2""  INCL.TABLERO ACRILICO 10 MM PARA ANCLAR AL PISO","jgo","$0,00","$4.039.614,1"
"1","EDIFICACIONES","1.19","INSTALACIONES DEPORTIVAS","1.19.03","CANCHA MULTIPLE TUBO AGUA NEGRA 3"" Y 2""  INCL.TABLERO ACRILICOB 10 MM CON RODACHINES Y CILINDRO PARA MOVILIZAR","jgo","$0,00","$4.009.920,02"
"1","EDIFICACIONES","1.19","INSTALACIONES DEPORTIVAS","1.19.04","CANCHA PARA MICROFUTBOL TUBO A.N. 3"" Y 2""","jgo","$0,00","$1.333.666,67"
"1","EDIFICACIONES","1.19","INSTALACIONES DEPORTIVAS","1.19.05","CANCHA PARA SOLO BALONCESTO CON RODACHINES Y CILINDRO TUBO 3"" Y 2"". INCL. TABLERO ACRILICO","jgo","$0,00","$3.847.667"
"1","EDIFICACIONES","1.19","INSTALACIONES DEPORTIVAS","1.19.06","CANCHA PARA SOLO BALONCESTO DE ANCLAR AL PISO TUBO 3"" Y 2"". INCLU TABLERO ACRILICO","jgo","$0,00","$3.441.083,33"
"1","EDIFICACIONES","1.19","INSTALACIONES DEPORTIVAS","1.19.07","DEMARCACION CON PINTURA TIPO TRAFICO E=0.08 M","ML","$3.683,28","$5.614,24"
"1","EDIFICACIONES","1.19","INSTALACIONES DEPORTIVAS","1.19.08","PORTERÍA (JUEGO CANCHAS FÚTBOL)","jg","$0,00","$7.090.310,56"
"1","EDIFICACIONES","1.19","INSTALACIONES DEPORTIVAS","1.19.09","TABLERO PARA BALONCESTO EN ACRILICO 10 MM","UND","$0,00","$360,1"
"1","EDIFICACIONES","1.19","INSTALACIONES DEPORTIVAS","1.19.10","TUBO SOPORTE MALLA","UND","$24.555,22","$95.932,25"
"1","EDIFICACIONES","1.2","OTROS","1.20.01","ACABADO MESON PARA BAÑOS Y COCINA EN ACERO INOXIDABLE","ML","$55.427,71","$602.136,98"
"1","EDIFICACIONES","1.2","OTROS","1.20.02","ACABADO MESON PARA BAÑOS Y COCINA EN FIBRA DE VIDRIO 60 CMS","ML","$55.427,71","$362.888,42"
"1","EDIFICACIONES","1.2","OTROS","1.20.03","ACABADO MESON PARA BAÑOS Y COCINA EN GRANITO PULIDO","M2","$125.606,27","$241.140,26"
"1","EDIFICACIONES","1.2","OTROS","1.20.04","ACABADO MESON PARA BAÑOS Y COCINA EN MARMOL","M2","$43.670,32","$144.161,36"
"1","EDIFICACIONES","1.2","OTROS","1.20.05","BORDE CONTENEDOR DE RAICES A-70","ML","$24.555,22","$61.411,56"
"1","EDIFICACIONES","1.2","OTROS","1.20.06","BORDILLO EN ADOQUIN HILADA PARADA TIPO TOLETE PERFORADO (0-25 CONFINADO) PREFABRICADO, REFORZADO. INCLUYE EXCAVACION, RETIRO DE SOBRANTES, CONCRETO POBRE, RELLENO CON GROUTING Y REFUERZO.","ML","$47.421,95","$82.019,89"
"1","EDIFICACIONES","1.2","OTROS","1.20.07","CERCA DE ALAMBRE DE PUAS CON POSTES DE MADERA INMUNIZADA D= 9 - 10 CM  H=1.50 M  5 LINEAS. DISTANCIA ENTRE POSTES 2 M","ML","$17.188,65","$31.266,08"
"1","EDIFICACIONES","1.2","OTROS","1.20.08","CERRAMIENTO EN MALLA ESLABONADA CAL 10 MM (INCLUYE TUBO AGUA NEGRA DE 2""  Y ANGULO 1""X1""X3/16"") H=2.1","M2","$36.832,82","$105.980,11"
"1","EDIFICACIONES","1.2","OTROS","1.20.09","CERRAMIENTO MALLA ESLABONADA C. 10 INC. ANGULO","M2","$75.466,72","$152.574,21"
"1","EDIFICACIONES","1.2","OTROS","1.20.10","SUMINISTRO E INSTALACION DE CANECA EN MALLA METALICA M-120, INCLUYE ESTRUCTURA DE APOYO Y ANCLAJE","UND","$28.889,60","$471.963,31"
"1","EDIFICACIONES","1.2","OTROS","1.20.11","SUMINISTRO E INSTALACION TUBO AGUA NEGRA TIPO PESADO D=2""","ML","$5.893,25","$25.242,09"
"1","EDIFICACIONES","1.2","OTROS","1.20.12","SUMINISTRO E INSTALACIÓN SEÑAL PLACA CON TEXTO EN SISTEMA BRAILLE Y/O PICTOGRAMA EN ALTO RELIEVE ACRÍLICO 30*15 CM INCLUYE TUBO METÁLICO GUÍA DE MANO A SEÑAL SEGÚN NTC 4596","UND","$13.053,42","$69.015,26"
"1","EDIFICACIONES","1.21","SISTEMA TELÉFONICO","1.21.01","ACOM. TELÉFONOS INCRUSTADA 3 TUBO PVC","ML","$21.608,00","$64.221,3"
"1","EDIFICACIONES","1.21","SISTEMA TELÉFONICO","1.21.02","ACOMETIDA TELÉFONOS SUSPENDIDA 3 TUBO PVC","ML","$13.505,00","$93.204,79"
"1","EDIFICACIONES","1.21","SISTEMA TELÉFONICO","1.21.03","CABLE TELÉFONOS 10 PARES","ML","$4.051,50","$9.407,55"
"1","EDIFICACIONES","1.21","SISTEMA TELÉFONICO","1.21.04","CABLE TELÉFONOS 2 PARES","ML","$810,30","$1.732,2"
"1","EDIFICACIONES","1.21","SISTEMA TELÉFONICO","1.21.05","CABLE TELÉFONOS 20 PARES","ML","$4.051,50","$13.134"
"1","EDIFICACIONES","1.21","SISTEMA TELÉFONICO","1.21.06","CABLE TELÉFONOS 40 PARES","ML","$4.861,80","$20.931"
"1","EDIFICACIONES","1.21","SISTEMA TELÉFONICO","1.21.07","INTERCONEXIÓN ENTRE STRIP","ML","$108.040,00","$152.295,7"
"1","EDIFICACIONES","1.21","SISTEMA TELÉFONICO","1.21.08","SALIDA TELÉFONO 2 PARES, TUBO EMT","UND","$86.432,00","$209.733"
"1","EDIFICACIONES","1.21","SISTEMA TELÉFONICO","1.21.09","SALIDA TELÉFONO 2 PARES, TUBO PVC","UND","$86.432,00","$145.240,59"
"1","EDIFICACIONES","1.21","SISTEMA TELÉFONICO","1.21.10","SALIDA TELÉFONO TUBO EMT","UND","$81.030,00","$183.048,07"
"1","EDIFICACIONES","1.21","SISTEMA TELÉFONICO","1.21.11","SALIDA TELÉFONO, TUBO PVC","UND","$86.432,00","$122.132,07"
"1","EDIFICACIONES","1.21","SISTEMA TELÉFONICO","1.21.12","STRIP TELÉFONOS 10 PARES","UND","$108.040,00","$280.978,29"
"1","EDIFICACIONES","1.21","SISTEMA TELÉFONICO","1.21.13","STRIP TELÉFONOS 20 PARES","UND","$216.080,00","$332.185,29"
"1","EDIFICACIONES","1.21","SISTEMA TELÉFONICO","1.21.14","TELÉFONO - CITÓFONO ECONÓMICA","UND","$66.716,53","$91.810,53"
"1","EDIFICACIONES","1.21","SISTEMA TELÉFONICO","1.21.15","TOMA TELEF. A/CANA DOBLE L/NEX CLÁSICA","UND","$3.241,20","$10.898,2"
"1","EDIFICACIONES","1.21","SISTEMA TELÉFONICO","1.21.16","TOMA TELEF. AMERICANA L/NEX CLÁSICA","UND","$2.701,00","$10.358"
"1","EDIFICACIONES","1.22","CABLEADO ESTRCTURADO","1.22.01","BANDEJA TIPO ESCAL.30 X 80","ML","$14.315,30","$132.969"
"1","EDIFICACIONES","1.22","CABLEADO ESTRCTURADO","1.22.02","CABLE AWG/THW","ML","$2.701,00","$12.151"
"1","EDIFICACIONES","1.22","CABLEADO ESTRCTURADO","1.22.03","CABLE UTP CAT 5 TENDIDO","ML","$1.620,60","$3.554,6"
"1","EDIFICACIONES","1.22","CABLEADO ESTRCTURADO","1.22.04","CAJA INSPECCIÓN A.P. CS-274 CODENSA","UND","$129.651,60","$460.385,91"
"1","EDIFICACIONES","1.22","CABLEADO ESTRCTURADO","1.22.05","CANALETA DLP 60 X 16 MM 3 DIVISIONES","ML","$8.103,00","$66.919,03"
"1","EDIFICACIONES","1.22","CABLEADO ESTRCTURADO","1.22.06","CANALETA DLP 75X20 MM 3 DIVISIONES","ML","$8.103,00","$95.007,72"
"1","EDIFICACIONES","1.22","CABLEADO ESTRCTURADO","1.22.07","CANALETA METÁLICA 10 X 4","ML","$27.010,00","$69.052,58"
"1","EDIFICACIONES","1.22","CABLEADO ESTRCTURADO","1.22.08","CANALETA PLÁSTICA 10 X 4","ML","$14.585,81","$132.036,81"
"1","EDIFICACIONES","1.22","CABLEADO ESTRCTURADO","1.22.09","CORAZA METÁLICA 3","ML","$15.125,60","$95.602,13"
"1","EDIFICACIONES","1.22","CABLEADO ESTRCTURADO","1.22.10","CORTACIRCUITOS ENCHU.TRIP 20A","UND","$2.585,22","$119.945,55"
"1","EDIFICACIONES","1.22","CABLEADO ESTRCTURADO","1.22.11","CUARTOS DE CONTROL","UND","$135.050,00","$729.806,5"
"1","EDIFICACIONES","1.22","CABLEADO ESTRCTURADO","1.22.12","DUCTO DLP 100 X 34 MM","ML","$9.453,50","$123.068,28"
"1","EDIFICACIONES","1.22","CABLEADO ESTRCTURADO","1.22.13","DUCTO DLP 60 X 40 MM","ML","$9.453,50","$67.886,96"
"1","EDIFICACIONES","1.22","CABLEADO ESTRCTURADO","1.22.14","DUCTOS VERTICALES 30 X 8","ML","$15.125,60","$131.525,76"
"1","EDIFICACIONES","1.22","CABLEADO ESTRCTURADO","1.22.15","GABINETE RACK CERRADO","UND","$135.050,00","$950.826,31"
"1","EDIFICACIONES","1.22","CABLEADO ESTRCTURADO","1.22.16","LINE CORD 1 M","UND","$810,30","$19.015,2"
"1","EDIFICACIONES","1.22","CABLEADO ESTRCTURADO","1.22.17","MARCO PLANO 6 MODULOS","UND","$8.103,00","$252.059"
"1","EDIFICACIONES","1.22","CABLEADO ESTRCTURADO","1.22.18","MARCO+BASE+ACOPLE 3 MÓDULOS SALIDA","UND","$8.103,00","$460.966"
"1","EDIFICACIONES","1.22","CABLEADO ESTRCTURADO","1.22.19","MÓDULO BOTÓN CIEGO","UND","$2.701,00","$4.814"
"1","EDIFICACIONES","1.22","CABLEADO ESTRCTURADO","1.22.20","MÓDULO INTERRUPTOR SENCILLO LUZ PILOTO","UND","$2.701,00","$23.775,33"
"1","EDIFICACIONES","1.22","CABLEADO ESTRCTURADO","1.22.21","MÓDULO PULSADOR CON LUZ PILOTO","UND","$2.701,00","$7.347"
"1","EDIFICACIONES","1.22","CABLEADO ESTRCTURADO","1.22.22","MÓDULO TOMA CON INDICADOR DE P.T AISLADO","UND","$2.701,00","$13.524"
"1","EDIFICACIONES","1.22","CABLEADO ESTRCTURADO","1.22.23","MÓDULO TOMA PATA TRABADA","UND","$2.701,00","$9.528"
"1","EDIFICACIONES","1.22","CABLEADO ESTRCTURADO","1.22.24","MÓDULO TOMA TELEF. AMERICANA 4 HILOS","UND","$2.701,00","$19.783,67"
"1","EDIFICACIONES","1.22","CABLEADO ESTRCTURADO","1.22.25","MÓDULO TOMA TELEF. COLOMBIANA 2 HILOS","UND","$2.701,00","$19.785,33"
"1","EDIFICACIONES","1.22","CABLEADO ESTRCTURADO","1.22.26","MÓDULO TOMACORRIENTE CON POLO A TIERRA","UND","$2.701,00","$14.921"
"1","EDIFICACIONES","1.22","CABLEADO ESTRCTURADO","1.22.27","PATCH CORD 2 M","ML","$810,30","$18.528"
"1","EDIFICACIONES","1.22","CABLEADO ESTRCTURADO","1.22.28","PATCH PANEL 24 PUERTOS","UND","$162.060,00","$543.296"
"1","EDIFICACIONES","1.22","CABLEADO ESTRCTURADO","1.22.29","PROTECTOR DE ESTADO SÓLIDO","UND","$810,30","$22.875,3"
"1","EDIFICACIONES","1.22","CABLEADO ESTRCTURADO","1.22.30","RACK ABIERTO","UND","$162.060,00","$1.095.380,65"
"1","EDIFICACIONES","1.22","CABLEADO ESTRCTURADO","1.22.31","SALIDA DE DATOS Y VOZ","UND","$14.315,30","$40.874,8"
"1","EDIFICACIONES","1.22","CABLEADO ESTRCTURADO","1.22.32","SALIDA ELÉCTRICA CORRIENTE REGULADA","UND","$17.016,77","$29.514,77"
"1","EDIFICACIONES","1.22","CABLEADO ESTRCTURADO","1.22.33","PATCH CORD 5 M Cat 6A","ML","$810,30","$88.611,96"
"1","EDIFICACIONES","1.22","CABLEADO ESTRCTURADO","1.22.34","CABLE UTP CAT 6A TENDIDO","ML","$1.620,60","$4.323,47"
"1","EDIFICACIONES","1.22","CABLEADO ESTRCTURADO","1.22.35","PATCH PANEL 48 PUERTOS","UND","$162.060,00","$1.287.988,67"
"1","EDIFICACIONES","1.23","FACHADAS Y REVESTIMIENTOS","1.23.01","CORTASOL CELOSCREEN PERFORADO PASO 120","ML","$8.103,22","$101.793,27"
"2","SANEAMIENTO BASICO Y MEDIO AMBIENTE","2.01","TUBERIA PVC- ACUEDUCTO","2.01.01","BOMBEO AGUAS NIVEL FREATICO Y ESCORRENTIA CON MOTOBOMBA D=3""","hr","$150,92","$9.776,59"
"2","SANEAMIENTO BASICO Y MEDIO AMBIENTE","2.01","TUBERIA PVC- ACUEDUCTO","2.01.02","ENTIBADOS EN MADERA TIPO 1 PARA EXCAVACIONES 1 A 7 USOS","M2","$7.366,57","$33.242,33"
"2","SANEAMIENTO BASICO Y MEDIO AMBIENTE","2.01","TUBERIA PVC- ACUEDUCTO","2.01.03","ENTIBADOS EN MADERA TIPO 2 PARA EXCAVACIONES 1 A 7 USOS","M2","$17.925,31","$58.828,84"
"2","SANEAMIENTO BASICO Y MEDIO AMBIENTE","2.01","TUBERIA PVC- ACUEDUCTO","2.01.04","LOCALIZACION Y REPLANTEO LOTES Y ESTRUCTURAS DE ACUEDUCTO ( CARTERAS Y PLANOS)","M2","$5.623,98","$6.308,88"
"2","SANEAMIENTO BASICO Y MEDIO AMBIENTE","2.01","TUBERIA PVC- ACUEDUCTO","2.01.05","LOCALIZACION Y REPLANTEO PARA RED DE ACUEDUCTO (INCLUYE CARTERAS Y PLANOS)","ML","$211,23","$800,6"
"2","SANEAMIENTO BASICO Y MEDIO AMBIENTE","2.01","TUBERIA PVC- ACUEDUCTO","2.01.06","RELLENO ARENA DE PEÑA  COMPACTADO CON PLANCHA VIBRADORA","M3","$11.757,39","$114.144,14"
"2","SANEAMIENTO BASICO Y MEDIO AMBIENTE","2.01","TUBERIA PVC- ACUEDUCTO","2.01.07","RELLENO ARENA DE RIO  COMPACTADO CON PLANCHA VIBRADORA","M3","$11.757,39","$140.961,93"
"2","SANEAMIENTO BASICO Y MEDIO AMBIENTE","2.01","TUBERIA PVC- ACUEDUCTO","2.01.08","RELLENO BASE GRANULAR  COMPACTADO CON PLANCHA VIBRADORA","M3","$12.277,60","$98.606,72"
"2","SANEAMIENTO BASICO Y MEDIO AMBIENTE","2.01","TUBERIA PVC- ACUEDUCTO","2.01.09","RELLENO CON MATERIAL SELECCIONADO PROVENIENTE DE EXCAVACIÓN COMPACTADO CON PLANCHA VIBRADORA","M3","$22.739,98","$27.067,35"
"2","SANEAMIENTO BASICO Y MEDIO AMBIENTE","2.01","TUBERIA PVC- ACUEDUCTO","2.01.10","RELLENO GRAVILLA  COMPACTADO CON PLANCHA VIBRADORA","M3","$14.733,13","$129.592,46"
"2","SANEAMIENTO BASICO Y MEDIO AMBIENTE","2.01","TUBERIA PVC- ACUEDUCTO","2.01.11","RELLENO SUBBASE GRANULAR  COMPACTADO CON PLANCHA VIBRADORA","M3","$12.277,60","$79.455,3"
"2","SANEAMIENTO BASICO Y MEDIO AMBIENTE","2.01","TUBERIA PVC- ACUEDUCTO","2.01.12","SUMINISTRO E INSTALACIÓN DE TUBERÍA BIAXIAL D=3"" RDE 46 PR 160 PSI","ML","$6.752,68","$27.667,97"
"2","SANEAMIENTO BASICO Y MEDIO AMBIENTE","2.01","TUBERIA PVC- ACUEDUCTO","2.01.13","SUMINISTRO E INSTALACIÓN DE TUBERÍA BIAXIAL D=4"" RDE 46 PR 160 PSI","ML","$6.752,68","$39.673,67"
"2","SANEAMIENTO BASICO Y MEDIO AMBIENTE","2.01","TUBERIA PVC- ACUEDUCTO","2.01.14","SUMINISTRO E INSTALACIÓN DE TUBERÍA BIAXIAL D=6"" RDE 46 PR 160 PSI","ML","$6.752,68","$78.008,12"
"2","SANEAMIENTO BASICO Y MEDIO AMBIENTE","2.01","TUBERIA PVC- ACUEDUCTO","2.01.15","SUMINISTRO E INSTALACIÓN TUBERÍA  PVC D = 3/4""  RDE 21 E.L","ML","$1.964,37","$6.376,62"
"2","SANEAMIENTO BASICO Y MEDIO AMBIENTE","2.01","TUBERIA PVC- ACUEDUCTO","2.01.16","SUMINISTRO E INSTALACIÓN TUBERÍA  PVC PRESIÓN D = ½""  RDE 13.5","ML","$805,39","$3.939,15"
"2","SANEAMIENTO BASICO Y MEDIO AMBIENTE","2.01","TUBERIA PVC- ACUEDUCTO","2.01.17","SUMINISTRO E INSTALACIÓN TUBERÍA  PVC PRESIÓN D = ½""  RDE 9","ML","$805,39","$5.246,14"
"2","SANEAMIENTO BASICO Y MEDIO AMBIENTE","2.01","TUBERIA PVC- ACUEDUCTO","2.01.18","SUMINISTRO E INSTALACIÓN TUBERÍA  PVC PRESIÓN D = 1 1/2""  RDE 21 E.L","ML","$2.946,56","$17.064,34"
"2","SANEAMIENTO BASICO Y MEDIO AMBIENTE","2.01","TUBERIA PVC- ACUEDUCTO","2.01.19","SUMINISTRO E INSTALACIÓN TUBERÍA  PVC PRESIÓN D = 1 1/4""  RDE 21 E.L","ML","$2.946,56","$13.583,38"
"2","SANEAMIENTO BASICO Y MEDIO AMBIENTE","2.01","TUBERIA PVC- ACUEDUCTO","2.01.20","SUMINISTRO E INSTALACIÓN TUBERÍA  PVC PRESIÓN D = 1""  RDE 13.5","ML","$2.553,68","$10.580,63"
"2","SANEAMIENTO BASICO Y MEDIO AMBIENTE","2.01","TUBERIA PVC- ACUEDUCTO","2.01.21","SUMINISTRO E INSTALACIÓN TUBERÍA  PVC PRESIÓN D = 1""  RDE 21 E.L","ML","$2.553,68","$12.021,25"
"2","SANEAMIENTO BASICO Y MEDIO AMBIENTE","2.01","TUBERIA PVC- ACUEDUCTO","2.01.22","SUMINISTRO E INSTALACIÓN TUBERÍA  PVC PRESIÓN D = 2""  RDE 21 E.L","ML","$2.946,56","$24.083,36"
"2","SANEAMIENTO BASICO Y MEDIO AMBIENTE","2.01","TUBERIA PVC- ACUEDUCTO","2.01.23","SUMINISTRO E INSTALACIÓN TUBERÍA  PVC PRESIÓN D = 3/4""  RDE 11","ML","$1.964,42","$7.323,97"
"2","SANEAMIENTO BASICO Y MEDIO AMBIENTE","2.01","TUBERIA PVC- ACUEDUCTO","2.01.24","SUMINISTRO E INSTALACIÓN TUBERÍA  PVC.  D = 10""  RDE 21 UNIÓN MECANICA","ML","$5.319,52","$231.573,58"
"2","SANEAMIENTO BASICO Y MEDIO AMBIENTE","2.01","TUBERIA PVC- ACUEDUCTO","2.01.25","SUMINISTRO E INSTALACIÓN TUBERÍA  PVC.  D = 10""  RDE 26 UNIÓN MECANICA","ML","$5.320,18","$194.742,37"
"2","SANEAMIENTO BASICO Y MEDIO AMBIENTE","2.01","TUBERIA PVC- ACUEDUCTO","2.01.26","SUMINISTRO E INSTALACIÓN TUBERÍA  PVC.  D = 2 1/2""  RDE 26 UNIÓN MECANICA","ML","$1.227,74","$14.981,34"
"2","SANEAMIENTO BASICO Y MEDIO AMBIENTE","2.01","TUBERIA PVC- ACUEDUCTO","2.01.27","SUMINISTRO E INSTALACIÓN TUBERÍA  PVC.  D = 2""  RDE 26 UNIÓN MECANICA","ML","$1.227,74","$10.462,07"
"2","SANEAMIENTO BASICO Y MEDIO AMBIENTE","2.01","TUBERIA PVC- ACUEDUCTO","2.01.28","SUMINISTRO E INSTALACIÓN TUBERÍA  PVC.  D = 2½""  RDE 21 UNIÓN MECANICA","ML","$1.964,37","$17.728,79"
"2","SANEAMIENTO BASICO Y MEDIO AMBIENTE","2.01","TUBERIA PVC- ACUEDUCTO","2.01.29","SUMINISTRO E INSTALACIÓN TUBERÍA  PVC.  D = 3""  RDE 21 UNIÓN MECANICA","ML","$1.964,37","$42.770,42"
"2","SANEAMIENTO BASICO Y MEDIO AMBIENTE","2.01","TUBERIA PVC- ACUEDUCTO","2.01.30","SUMINISTRO E INSTALACIÓN TUBERÍA  PVC.  D = 3""  RDE 26 UNIÓN MECANICA","ML","$1.227,74","$20.900,9"
"2","SANEAMIENTO BASICO Y MEDIO AMBIENTE","2.01","TUBERIA PVC- ACUEDUCTO","2.01.31","SUMINISTRO E INSTALACIÓN TUBERÍA  PVC.  D = 3""  RDE 32.5 UNIÓN MECANICA","ML","$1.227,74","$17.491,55"
"2","SANEAMIENTO BASICO Y MEDIO AMBIENTE","2.01","TUBERIA PVC- ACUEDUCTO","2.01.32","SUMINISTRO E INSTALACIÓN TUBERÍA  PVC.  D = 4""  RDE 21 UNIÓN MECANICA","ML","$1.227,74","$40.104,28"
"2","SANEAMIENTO BASICO Y MEDIO AMBIENTE","2.01","TUBERIA PVC- ACUEDUCTO","2.01.33","SUMINISTRO E INSTALACIÓN TUBERÍA  PVC.  D = 4""  RDE 26 UNIÓN MECANICA","ML","$1.227,74","$33.690,88"
"2","SANEAMIENTO BASICO Y MEDIO AMBIENTE","2.01","TUBERIA PVC- ACUEDUCTO","2.01.34","SUMINISTRO E INSTALACIÓN TUBERÍA  PVC.  D = 4""  RDE 32.5 UNIÓN MECANICA","ML","$1.227,74","$26.758,63"
"2","SANEAMIENTO BASICO Y MEDIO AMBIENTE","2.01","TUBERIA PVC- ACUEDUCTO","2.01.35","SUMINISTRO E INSTALACIÓN TUBERÍA  PVC.  D = 6""  RDE 21 UNIÓN MECANICA","ML","$3.273,95","$88.180,94"
"2","SANEAMIENTO BASICO Y MEDIO AMBIENTE","2.01","TUBERIA PVC- ACUEDUCTO","2.01.36","SUMINISTRO E INSTALACIÓN TUBERÍA  PVC.  D = 6""  RDE 26 UNIÓN MECANICA","ML","$3.273,95","$72.849,89"
"2","SANEAMIENTO BASICO Y MEDIO AMBIENTE","2.01","TUBERIA PVC- ACUEDUCTO","2.01.37","SUMINISTRO E INSTALACIÓN TUBERÍA  PVC.  D = 6""  RDE 32.5 UNIÓN MECANICA","ML","$3.273,95","$60.068,24"
"2","SANEAMIENTO BASICO Y MEDIO AMBIENTE","2.01","TUBERIA PVC- ACUEDUCTO","2.01.38","SUMINISTRO E INSTALACIÓN TUBERÍA  PVC.  D = 8""  RDE 21 UNIÓN MECANICA","ML","$3.273,95","$147.001,76"
"2","SANEAMIENTO BASICO Y MEDIO AMBIENTE","2.01","TUBERIA PVC- ACUEDUCTO","2.01.39","SUMINISTRO E INSTALACIÓN TUBERÍA  PVC.  D = 8""  RDE 26 UNIÓN MECANICA","ML","$3.273,95","$121.542,41"
"2","SANEAMIENTO BASICO Y MEDIO AMBIENTE","2.01","TUBERIA PVC- ACUEDUCTO","2.01.40","SUMINISTRO E INSTALACIÓN TUBERÍA  PVC.  D = 8""  RDE 32.5 UNIÓN MECANICA","ML","$3.273,95","$99.829,46"
"2","SANEAMIENTO BASICO Y MEDIO AMBIENTE","2.01","TUBERIA PVC- ACUEDUCTO","2.01.41","SUMINISTRO E INSTALACION TUBERIA PVC D=12"" RDE 21 UNION MECANICA","ML","$2.523,77","$318.941,27"
"2","SANEAMIENTO BASICO Y MEDIO AMBIENTE","2.01","TUBERIA PVC- ACUEDUCTO","2.01.42","SUMINISTRO E INSTALACION TUBERIA PVC D=16"" RDE 21 UNION MECANICA","ML","$5.852,31","$520.969,32"
"2","SANEAMIENTO BASICO Y MEDIO AMBIENTE","2.01","TUBERIA PVC- ACUEDUCTO","2.01.43","SUMINISTRO E INSTALACION TUBERIA PVC D=2"" RDE 21 UNION MECANICA","ML","$4.861,94","$16.369,26"
"2","SANEAMIENTO BASICO Y MEDIO AMBIENTE","2.01","TUBERIA PVC- ACUEDUCTO","2.01.44","SUMINISTRO E INSTALACION TUBERIA PVC D=3"" RDE 11 UNION MECANICA","ML","$1.350,54","$62.547,1"
"2","SANEAMIENTO BASICO Y MEDIO AMBIENTE","2.01","TUBERIA PVC- ACUEDUCTO","2.01.45","SUMINISTRO E INSTALACION TUBERIA PVC D=3"" RDE 13.5 UNION MECANICA","ML","$1.272,95","$45.202,69"
"2","SANEAMIENTO BASICO Y MEDIO AMBIENTE","2.01","TUBERIA PVC- ACUEDUCTO","2.01.46","SUMINISTRO E INSTALACION TUBERIA PVC D=3"" RDE 9 UNION MECANICA","ML","$5.402,15","$30.840,5"
"2","SANEAMIENTO BASICO Y MEDIO AMBIENTE","2.01","TUBERIA PVC- ACUEDUCTO","2.01.47","SUMINISTRO E INSTALACION TUBERIA PVC D=4"" RDE 11 UNION MECANICA","ML","$1.350,54","$101.380,23"
"2","SANEAMIENTO BASICO Y MEDIO AMBIENTE","2.01","TUBERIA PVC- ACUEDUCTO","2.01.48","SUMINISTRO E INSTALACION TUBERIA PVC D=4"" RDE 13.5 UNION MECANICA","ML","$1.350,54","$71.613,78"
"2","SANEAMIENTO BASICO Y MEDIO AMBIENTE","2.01","TUBERIA PVC- ACUEDUCTO","2.01.49","SUMINISTRO E INSTALACION TUBERIA PVC D=4"" RDE 9 UNION MECANICA","ML","$20.258,06","$62.361,18"
"2","SANEAMIENTO BASICO Y MEDIO AMBIENTE","2.01","TUBERIA PVC- ACUEDUCTO","2.01.50","SUMINISTRO E INSTALACION TUBERIA PVC D=6"" RDE 11 UNION MECANICA","ML","$3.601,43","$225.603,68"
"2","SANEAMIENTO BASICO Y MEDIO AMBIENTE","2.01","TUBERIA PVC- ACUEDUCTO","2.01.51","SUMINISTRO E INSTALACION TUBERIA PVC D=6"" RDE 13.5 UNION MECANICA","ML","$3.601,43","$173.889,08"
"2","SANEAMIENTO BASICO Y MEDIO AMBIENTE","2.01","TUBERIA PVC- ACUEDUCTO","2.01.52","SUMINISTRO E INSTALACION TUBERIA PVC D=6"" RDE 9 UNION MECANICA","ML","$3.601,43","$264.971,33"
"2","SANEAMIENTO BASICO Y MEDIO AMBIENTE","2.01","TUBERIA PVC- ACUEDUCTO","2.01.53","SUMINISTRO E INSTALACION TUBERIA PVC D=8"" RDE 11 UNION MECANICA","ML","$3.601,43","$367.885,84"
"2","SANEAMIENTO BASICO Y MEDIO AMBIENTE","2.01","TUBERIA PVC- ACUEDUCTO","2.01.54","SUMINISTRO E INSTALACION TUBERIA PVC D=8"" RDE 13.5 UNION MECANICA","ML","$3.601,43","$292.113,65"
"2","SANEAMIENTO BASICO Y MEDIO AMBIENTE","2.02","TUBERÍA POLIETILENO PE 100 - ACUEDUCTO","2.02.01","SUMINISTRO E INSTALACIÓN TUBERÍA PN 10 DIAMETRO 110 mm","ML","$8.103,23","$46.850,1"
"2","SANEAMIENTO BASICO Y MEDIO AMBIENTE","2.02","TUBERÍA POLIETILENO PE 100 - ACUEDUCTO","2.02.02","SUMINISTRO E INSTALACIÓN TUBERÍA PN 10 DIAMETRO 160 mm","ML","$10.264,08","$90.483,57"
"2","SANEAMIENTO BASICO Y MEDIO AMBIENTE","2.02","TUBERÍA POLIETILENO PE 100 - ACUEDUCTO","2.02.03","SUMINISTRO E INSTALACIÓN TUBERÍA PN 10 DIAMETRO 200 mm","ML","$16.206,45","$139.890,66"
"2","SANEAMIENTO BASICO Y MEDIO AMBIENTE","2.02","TUBERÍA POLIETILENO PE 100 - ACUEDUCTO","2.02.04","SUMINISTRO E INSTALACIÓN TUBERÍA PN 10 DIAMETRO 63 mm","ML","$5.321,12","$19.364,14"
"2","SANEAMIENTO BASICO Y MEDIO AMBIENTE","2.02","TUBERÍA POLIETILENO PE 100 - ACUEDUCTO","2.02.05","SUMINISTRO E INSTALACIÓN TUBERÍA PN 10 DIAMETRO 90 mm","ML","$5.402,15","$32.156,32"
"2","SANEAMIENTO BASICO Y MEDIO AMBIENTE","2.02","TUBERÍA POLIETILENO PE 100 - ACUEDUCTO","2.02.06","SUMINISTRO E INSTALACIÓN TUBERÍA PN 16 DIAMETRO 110 mm","ML","$8.600,29","$61.175,31"
"2","SANEAMIENTO BASICO Y MEDIO AMBIENTE","2.02","TUBERÍA POLIETILENO PE 100 - ACUEDUCTO","2.02.07","SUMINISTRO E INSTALACIÓN TUBERÍA PN 16 DIAMETRO 160 mm","ML","$10.264,08","$128.190,12"
"2","SANEAMIENTO BASICO Y MEDIO AMBIENTE","2.02","TUBERÍA POLIETILENO PE 100 - ACUEDUCTO","2.02.08","SUMINISTRO E INSTALACIÓN TUBERÍA PN 16 DIAMETRO 200 mm","ML","$16.206,45","$204.193,71"
"2","SANEAMIENTO BASICO Y MEDIO AMBIENTE","2.02","TUBERÍA POLIETILENO PE 100 - ACUEDUCTO","2.02.09","SUMINISTRO E INSTALACIÓN TUBERÍA PN 16 DIAMETRO 63 mm","ML","$5.321,12","$25.086,64"
"2","SANEAMIENTO BASICO Y MEDIO AMBIENTE","2.02","TUBERÍA POLIETILENO PE 100 - ACUEDUCTO","2.02.10","SUMINISTRO E INSTALACIÓN TUBERÍA PN 16 DIAMETRO 90 mm","ML","$5.402,15","$40.881,82"
"2","SANEAMIENTO BASICO Y MEDIO AMBIENTE","2.03","TUBERIA HG- ACUEDUCTO","2.03.01","SUMINISTRO E INSTALACIÓN DE TUBERÍA H.G. D=1 1/2""","ML","$8.643,44","$39.515,16"
"2","SANEAMIENTO BASICO Y MEDIO AMBIENTE","2.03","TUBERIA HG- ACUEDUCTO","2.03.02","SUMINISTRO E INSTALACIÓN DE TUBERÍA H.G. D=2 1/2""","ML","$19.447,74","$95.351,76"
"2","SANEAMIENTO BASICO Y MEDIO AMBIENTE","2.03","TUBERIA HG- ACUEDUCTO","2.03.03","SUMNSTRO E INSTALACIÓN DE TUBERÍA H.G. D=2""","ML","$18.907,52","$54.011,17"
"2","SANEAMIENTO BASICO Y MEDIO AMBIENTE","2.03","TUBERIA HG- ACUEDUCTO","2.03.04","SUMINISTRO E INSTALACIÓN DE TUBERÍA H.G. D=3""","ML","$21.608,60","$85.680,99"
"2","SANEAMIENTO BASICO Y MEDIO AMBIENTE","2.03","TUBERIA HG- ACUEDUCTO","2.03.05","SUMINISTRO E INSTALACIÓN DE TUBERÍA H.G. D=4""","ML","$27.010,75","$99.040,64"
"2","SANEAMIENTO BASICO Y MEDIO AMBIENTE","2.03","TUBERIA HG- ACUEDUCTO","2.03.06","SUMINISTRO E INSTALACIÓN DE TUBERÍA H.G. D=6""","ML","$20.258,06","$600.827,38"
"2","SANEAMIENTO BASICO Y MEDIO AMBIENTE","2.04","ACCESORIOS- ACUEDUCTO","2.04.01","ARENA PARA LECHO FILTRANTE (CANTO RODADO, % SILICE >99, CE = (0.7 - 0.9), % SOLUBILIDAD HCI < 4%, COEFICIENTE UNIF. = (2 - 3.5)).","UND","$34.103,77","$597.572,4"
"2","SANEAMIENTO BASICO Y MEDIO AMBIENTE","2.04","ACCESORIOS- ACUEDUCTO","2.04.02","CODO PVC DE 90° PRESIÓN SOLDAR DIÁMETRO 1/2""","UND","$270,11","$1.167,89"
"2","SANEAMIENTO BASICO Y MEDIO AMBIENTE","2.04","ACCESORIOS- ACUEDUCTO","2.04.03","CODO PVC DE 90° PRESIÓN SOLDAR DIÁMETRO 3/4""","UND","$270,11","$1.323,29"
"2","SANEAMIENTO BASICO Y MEDIO AMBIENTE","2.04","ACCESORIOS- ACUEDUCTO","2.04.04","CODO PVC GRAN RADIO 11 1/4° RDE 21 D=10""","UND","$10.804,30","$753.947,96"
"2","SANEAMIENTO BASICO Y MEDIO AMBIENTE","2.04","ACCESORIOS- ACUEDUCTO","2.04.05","CODO PVC GRAN RADIO 11 1/4° RDE 21 D=12""","UND","$6.752,68","$1.272.989,78"
"2","SANEAMIENTO BASICO Y MEDIO AMBIENTE","2.04","ACCESORIOS- ACUEDUCTO","2.04.06","CODO PVC GRAN RADIO 11 1/4° RDE 21 D=4""","UND","$6.752,68","$83.199,02"
"2","SANEAMIENTO BASICO Y MEDIO AMBIENTE","2.04","ACCESORIOS- ACUEDUCTO","2.04.07","CODO PVC GRAN RADIO 11 1/4° RDE 21 D=6""","UND","$6.752,68","$180.007,35"
"2","SANEAMIENTO BASICO Y MEDIO AMBIENTE","2.04","ACCESORIOS- ACUEDUCTO","2.04.08","CODO PVC GRAN RADIO 11 1/4° RDE 21 D=8""","UND","$6.752,68","$359.412,02"
"2","SANEAMIENTO BASICO Y MEDIO AMBIENTE","2.04","ACCESORIOS- ACUEDUCTO","2.04.09","CODO PVC GRAN RADIO 22 1/2° RDE 21 D=10""","UND","$6.752,68","$927.754,02"
"2","SANEAMIENTO BASICO Y MEDIO AMBIENTE","2.04","ACCESORIOS- ACUEDUCTO","2.04.10","CODO PVC GRAN RADIO 22 1/2° RDE 21 D=12""","UND","$6.752,68","$1.267.160,52"
"2","SANEAMIENTO BASICO Y MEDIO AMBIENTE","2.04","ACCESORIOS- ACUEDUCTO","2.04.11","CODO PVC GRAN RADIO 22 1/2° RDE 21 D=2""","UND","$6.752,68","$33.190,02"
"2","SANEAMIENTO BASICO Y MEDIO AMBIENTE","2.04","ACCESORIOS- ACUEDUCTO","2.04.12","CODO PVC GRAN RADIO 22 1/2° RDE 21 D=3""","UND","$6.752,68","$51.179,02"
"2","SANEAMIENTO BASICO Y MEDIO AMBIENTE","2.04","ACCESORIOS- ACUEDUCTO","2.04.13","CODO PVC GRAN RADIO 22 1/2° RDE 21 D=4""","UND","$6.752,68","$85.920,68"
"2","SANEAMIENTO BASICO Y MEDIO AMBIENTE","2.04","ACCESORIOS- ACUEDUCTO","2.04.14","CODO PVC GRAN RADIO 22 1/2° RDE 21 D=6""","UND","$6.752,68","$204.145,02"
"2","SANEAMIENTO BASICO Y MEDIO AMBIENTE","2.04","ACCESORIOS- ACUEDUCTO","2.04.15","CODO PVC GRAN RADIO 22 1/2° RDE 21 D=8""","UND","$6.752,68","$415.105,02"
"2","SANEAMIENTO BASICO Y MEDIO AMBIENTE","2.04","ACCESORIOS- ACUEDUCTO","2.04.16","CODO PVC GRAN RADIO 45° RDE 21 D=10""","UND","$6.752,68","$1.156.439,52"
"2","SANEAMIENTO BASICO Y MEDIO AMBIENTE","2.04","ACCESORIOS- ACUEDUCTO","2.04.17","CODO PVC GRAN RADIO 45° RDE 21 D=12""","UND","$6.752,68","$1.588.850,02"
"2","SANEAMIENTO BASICO Y MEDIO AMBIENTE","2.04","ACCESORIOS- ACUEDUCTO","2.04.18","CODO PVC GRAN RADIO 45° RDE 21 D=2 1/2""","UND","$6.752,68","$36.412,02"
"2","SANEAMIENTO BASICO Y MEDIO AMBIENTE","2.04","ACCESORIOS- ACUEDUCTO","2.04.19","CODO PVC GRAN RADIO 45° RDE 21 D=2""","UND","$6.752,68","$33.970,02"
"2","SANEAMIENTO BASICO Y MEDIO AMBIENTE","2.04","ACCESORIOS- ACUEDUCTO","2.04.20","CODO PVC GRAN RADIO 45° RDE 21 D=3""","UND","$6.752,68","$52.081,02"
"2","SANEAMIENTO BASICO Y MEDIO AMBIENTE","2.04","ACCESORIOS- ACUEDUCTO","2.04.21","CODO PVC GRAN RADIO 45° RDE 21 D=4""","UND","$6.752,68","$125.849,02"
"2","SANEAMIENTO BASICO Y MEDIO AMBIENTE","2.04","ACCESORIOS- ACUEDUCTO","2.04.22","CODO PVC GRAN RADIO 45° RDE 21 D=6""","UND","$6.752,68","$254.406,02"
"2","SANEAMIENTO BASICO Y MEDIO AMBIENTE","2.04","ACCESORIOS- ACUEDUCTO","2.04.23","CODO PVC GRAN RADIO 45° RDE 21 D=8""","UND","$6.752,68","$541.150,02"
"2","SANEAMIENTO BASICO Y MEDIO AMBIENTE","2.04","ACCESORIOS- ACUEDUCTO","2.04.24","CODO PVC GRAN RADIO 6°   D =   10""","UND","$6.752,68","$468.147,02"
"2","SANEAMIENTO BASICO Y MEDIO AMBIENTE","2.04","ACCESORIOS- ACUEDUCTO","2.04.25","CODO PVC GRAN RADIO 6°   D =   12""","UND","$6.752,68","$619.298,02"
"2","SANEAMIENTO BASICO Y MEDIO AMBIENTE","2.04","ACCESORIOS- ACUEDUCTO","2.04.26","CODO PVC GRAN RADIO 6°   D =   8""","UND","$6.752,68","$225.687,52"
"2","SANEAMIENTO BASICO Y MEDIO AMBIENTE","2.04","ACCESORIOS- ACUEDUCTO","2.04.27","CODO PVC GRAN RADIO 90° RDE 21 D=10""","UND","$6.752,68","$1.763.835,52"
"2","SANEAMIENTO BASICO Y MEDIO AMBIENTE","2.04","ACCESORIOS- ACUEDUCTO","2.04.28","CODO PVC GRAN RADIO 90° RDE 21 D=12""","UND","$6.752,68","$2.349.935,02"
"2","SANEAMIENTO BASICO Y MEDIO AMBIENTE","2.04","ACCESORIOS- ACUEDUCTO","2.04.29","CODO PVC GRAN RADIO 90° RDE 21 D=2 1/2""","UND","$6.752,68","$43.914,02"
"2","SANEAMIENTO BASICO Y MEDIO AMBIENTE","2.04","ACCESORIOS- ACUEDUCTO","2.04.30","CODO PVC GRAN RADIO 90° RDE 21 D=2""","UND","$6.752,68","$38.359,69"
"2","SANEAMIENTO BASICO Y MEDIO AMBIENTE","2.04","ACCESORIOS- ACUEDUCTO","2.04.31","CODO PVC GRAN RADIO 90° RDE 21 D=3""","UND","$6.752,68","$75.718,68"
"2","SANEAMIENTO BASICO Y MEDIO AMBIENTE","2.04","ACCESORIOS- ACUEDUCTO","2.04.32","CODO PVC GRAN RADIO 90° RDE 21 D=4""","UND","$10.804,30","$140.853,39"
"2","SANEAMIENTO BASICO Y MEDIO AMBIENTE","2.04","ACCESORIOS- ACUEDUCTO","2.04.33","CODO PVC GRAN RADIO 90° RDE 21 D=6""","UND","$10.804,30","$354.592,46"
"2","SANEAMIENTO BASICO Y MEDIO AMBIENTE","2.04","ACCESORIOS- ACUEDUCTO","2.04.34","CODO PVC GRAN RADIO 90° RDE 21 D=8""","UND","$10.804,30","$841.136,78"
"2","SANEAMIENTO BASICO Y MEDIO AMBIENTE","2.04","ACCESORIOS- ACUEDUCTO","2.04.35","CODO PVC RADIO CORTO 90°   D =   3""","UND","$4.051,61","$126.562,92"
"2","SANEAMIENTO BASICO Y MEDIO AMBIENTE","2.04","ACCESORIOS- ACUEDUCTO","2.04.36","CODO PVC RADIO CORTO 90°   D =   4""","UND","$6.752,68","$214.736,02"
"2","SANEAMIENTO BASICO Y MEDIO AMBIENTE","2.04","ACCESORIOS- ACUEDUCTO","2.04.37","CODO PVC RADIO CORTO 90°   D =   6""","UND","$6.752,68","$389.300,63"
"2","SANEAMIENTO BASICO Y MEDIO AMBIENTE","2.04","ACCESORIOS- ACUEDUCTO","2.04.38","CODO PVC RADIO CORTO 90°   D =   8""","UND","$6.752,68","$751.944,02"
"2","SANEAMIENTO BASICO Y MEDIO AMBIENTE","2.04","ACCESORIOS- ACUEDUCTO","2.04.39","COLLAR PVC DE DERIVACIÓN DE 2 1/2 "" * 1/2""","UND","$4.502,69","$14.183,62"
"2","SANEAMIENTO BASICO Y MEDIO AMBIENTE","2.04","ACCESORIOS- ACUEDUCTO","2.04.40","COLLAR PVC DE DERIVACIÓN DE 2 1/2""*3/4""","UND","$4.502,69","$13.782,31"
"2","SANEAMIENTO BASICO Y MEDIO AMBIENTE","2.04","ACCESORIOS- ACUEDUCTO","2.04.41","COLLAR PVC DE DERIVACIÓN DE 2""*1/2""","UND","$4.502,69","$15.027,82"
"2","SANEAMIENTO BASICO Y MEDIO AMBIENTE","2.04","ACCESORIOS- ACUEDUCTO","2.04.42","COLLAR PVC DE DERIVACIÓN DE 2""*3/4""","UND","$4.502,69","$12.510,82"
"2","SANEAMIENTO BASICO Y MEDIO AMBIENTE","2.04","ACCESORIOS- ACUEDUCTO","2.04.43","COLLAR PVC DE DERIVACIÓN DE 3""*1/2""","UND","$4.502,69","$18.142,49"
"2","SANEAMIENTO BASICO Y MEDIO AMBIENTE","2.04","ACCESORIOS- ACUEDUCTO","2.04.44","COLLAR PVC DE DERIVACIÓN DE 3""*3/4""","UND","$4.502,69","$21.394,48"
"2","SANEAMIENTO BASICO Y MEDIO AMBIENTE","2.04","ACCESORIOS- ACUEDUCTO","2.04.45","COLLAR PVC DE DERIVACIÓN DE 4""*1/2""","UND","$4.502,69","$21.652,82"
"2","SANEAMIENTO BASICO Y MEDIO AMBIENTE","2.04","ACCESORIOS- ACUEDUCTO","2.04.46","COLLAR PVC DE DERIVACIÓN DE 4""*3/4""","UND","$4.502,69","$21.977,82"
"2","SANEAMIENTO BASICO Y MEDIO AMBIENTE","2.04","ACCESORIOS- ACUEDUCTO","2.04.47","COLLAR PVC DE DERIVACIÓN DE 6""*1/2""","UND","$4.502,69","$26.452,82"
"2","SANEAMIENTO BASICO Y MEDIO AMBIENTE","2.04","ACCESORIOS- ACUEDUCTO","2.04.48","COLLAR PVC DE DERIVACIÓN DE 6""*3/4""","UND","$4.502,69","$24.740,82"
"2","SANEAMIENTO BASICO Y MEDIO AMBIENTE","2.04","ACCESORIOS- ACUEDUCTO","2.04.49","COLLAR PVC DE DERIVACIÓN DE 8"" * 1""","UND","$4.502,69","$57.109,82"
"2","SANEAMIENTO BASICO Y MEDIO AMBIENTE","2.04","ACCESORIOS- ACUEDUCTO","2.04.50","CONEXIONES DOMICILIARIAS PVC 1/2"", INCLUYE CAJA Y MEDIDOR","UND","$30.911,60","$309.563,22"
"2","SANEAMIENTO BASICO Y MEDIO AMBIENTE","2.04","ACCESORIOS- ACUEDUCTO","2.04.51","GRAVAS PARA LECHO FILTRANTE ( 16- 25 MM) DE CANTO RODADO.","M3","$34.103,77","$575.354,41"
"2","SANEAMIENTO BASICO Y MEDIO AMBIENTE","2.04","ACCESORIOS- ACUEDUCTO","2.04.52","GRAVAS PARA LECHO FILTRANTE ( 3- 5 MM) DE CANTO RODADO.","M3","$34.103,77","$575.354,41"
"2","SANEAMIENTO BASICO Y MEDIO AMBIENTE","2.04","ACCESORIOS- ACUEDUCTO","2.04.53","GRAVAS PARA LECHO FILTRANTE ( 6- 15 MM) DE CANTO RODADO.","M3","$34.103,77","$575.354,41"
"2","SANEAMIENTO BASICO Y MEDIO AMBIENTE","2.04","ACCESORIOS- ACUEDUCTO","2.04.54","GRAVAS PARA LECHO FILTRANTE (1.3 - 4.5 MM) DE CANTO RODADO.","M3","$34.103,77","$575.354,41"
"2","SANEAMIENTO BASICO Y MEDIO AMBIENTE","2.04","ACCESORIOS- ACUEDUCTO","2.04.55","PUNTO ACOMETIDA 1/2""","UND","$64.665,95","$91.836,76"
"2","SANEAMIENTO BASICO Y MEDIO AMBIENTE","2.04","ACCESORIOS- ACUEDUCTO","2.04.56","PUNTO HIDRAULICO 1/2""","UND","$64.665,95","$83.501,04"
"2","SANEAMIENTO BASICO Y MEDIO AMBIENTE","2.04","ACCESORIOS- ACUEDUCTO","2.04.57","PUNTO HIDRAULICO 3/4""","UND","$64.665,95","$100.978,36"
"2","SANEAMIENTO BASICO Y MEDIO AMBIENTE","2.04","ACCESORIOS- ACUEDUCTO","2.04.58","SUMINISTRO E INSTALACIÓN CAJAS PARA VÁLVULAS TIPO CHOROTE EN H.F.","UND","$24.554,66","$161.532,39"
"2","SANEAMIENTO BASICO Y MEDIO AMBIENTE","2.04","ACCESORIOS- ACUEDUCTO","2.04.59","SUMINISTRO E INSTALACIÓN HIDRANTE TIPO MILLAN  D = 3"" BRIDA","UND","$196.437,32","$2.371.654,05"
"2","SANEAMIENTO BASICO Y MEDIO AMBIENTE","2.04","ACCESORIOS- ACUEDUCTO","2.04.60","SUMINISTRO E INSTALACIÓN HIDRANTE TIPO MILLAN  D = 3"" E.L","UND","$196.437,32","$2.111.961,05"
"2","SANEAMIENTO BASICO Y MEDIO AMBIENTE","2.04","ACCESORIOS- ACUEDUCTO","2.04.61","SUMINISTRO E INSTALACIÓN HIDRANTE TIPO MILLAN  D = 4"" BRIDA","UND","$196.437,32","$3.429.081,05"
"2","SANEAMIENTO BASICO Y MEDIO AMBIENTE","2.04","ACCESORIOS- ACUEDUCTO","2.04.62","SUMINISTRO E INSTALACIÓN HIDRANTE TIPO MILLAN  D = 4"" E.L","UND","$203.667,34","$2.922.954,07"
"2","SANEAMIENTO BASICO Y MEDIO AMBIENTE","2.04","ACCESORIOS- ACUEDUCTO","2.04.63","SUMINISTRO E INSTALACIÓN HIDRANTE TIPO MILLAN  D = 6"" BRIDA","UND","$196.437,32","$4.424.228,05"
"2","SANEAMIENTO BASICO Y MEDIO AMBIENTE","2.04","ACCESORIOS- ACUEDUCTO","2.04.64","SUMINISTRO E INSTALACIÓN HIDRANTE TIPO MILLAN  D = 6"" E.L","UND","$196.437,32","$4.424.388,05"
"2","SANEAMIENTO BASICO Y MEDIO AMBIENTE","2.04","ACCESORIOS- ACUEDUCTO","2.04.65","SUMINISTRO E INSTALACIÓN REGISTRO DE BOLA  D = 1 1/2"" TIPO LIVIANO","UND","$19.643,74","$80.388,23"
"2","SANEAMIENTO BASICO Y MEDIO AMBIENTE","2.04","ACCESORIOS- ACUEDUCTO","2.04.66","SUMINISTRO E INSTALACIÓN REGISTRO DE BOLA  D = 1/2"" TIPO LIVIANO","UND","$7.857,50","$16.223,76"
"2","SANEAMIENTO BASICO Y MEDIO AMBIENTE","2.04","ACCESORIOS- ACUEDUCTO","2.04.67","SUMINISTRO E INSTALACIÓN REGISTRO DE BOLA  D = 2 1/2"" TIPO PESADO","UND","$26.873,75","$207.745,42"
"2","SANEAMIENTO BASICO Y MEDIO AMBIENTE","2.04","ACCESORIOS- ACUEDUCTO","2.04.68","SUMINISTRO E INSTALACIÓN REGISTRO DE BOLA  D = 2"" TIPO PESADO","UND","$26.873,75","$127.277,42"
"2","SANEAMIENTO BASICO Y MEDIO AMBIENTE","2.04","ACCESORIOS- ACUEDUCTO","2.04.69","SUMINISTRO E INSTALACIÓN REGISTRO DE BOLA  D = 3/4"" TIPO LIVIANO","UND","$9.821,87","$20.536,14"
"2","SANEAMIENTO BASICO Y MEDIO AMBIENTE","2.04","ACCESORIOS- ACUEDUCTO","2.04.70","SUMINISTRO E INSTALACIÓN REGISTRO DE BOLA  D = 4"" TIPO PESADO","UND","$26.873,75","$340.295,42"
"2","SANEAMIENTO BASICO Y MEDIO AMBIENTE","2.04","ACCESORIOS- ACUEDUCTO","2.04.71","SUMINISTRO E INSTALACIÓN REGISTRO DE BOLA  D =2"" TIPO LIVIANO","UND","$53.747,50","$115.092,84"
"2","SANEAMIENTO BASICO Y MEDIO AMBIENTE","2.04","ACCESORIOS- ACUEDUCTO","2.04.72","SUMINISTRO E INSTALACION TEE PRESION PVC  D=1""","UND","$1.350,54","$3.907,33"
"2","SANEAMIENTO BASICO Y MEDIO AMBIENTE","2.04","ACCESORIOS- ACUEDUCTO","2.04.73","SUMINISTRO E INSTALACION TEE PRESION PVC  D=1 1/4""","UND","$1.620,64","$7.731,41"
"2","SANEAMIENTO BASICO Y MEDIO AMBIENTE","2.04","ACCESORIOS- ACUEDUCTO","2.04.74","SUMINISTRO E INSTALACION TEE PRESION PVC  D=1 1/2""","UND","$2.701,07","$10.462,49"
"2","SANEAMIENTO BASICO Y MEDIO AMBIENTE","2.04","ACCESORIOS- ACUEDUCTO","2.04.75","SUMINISTRO E INSTALACION TEE PRESION PVC  D=1/2""","UND","$297,11","$1.156,71"
"2","SANEAMIENTO BASICO Y MEDIO AMBIENTE","2.04","ACCESORIOS- ACUEDUCTO","2.04.76","SUMINISTRO E INSTALACION TEE PRESION PVC  D=2""","UND","$1.350,54","$14.993,07"
"2","SANEAMIENTO BASICO Y MEDIO AMBIENTE","2.04","ACCESORIOS- ACUEDUCTO","2.04.77","SUMINISTRO E INSTALACION TEE PRESION PVC  D=3""","UND","$2.160,86","$54.451,43"
"2","SANEAMIENTO BASICO Y MEDIO AMBIENTE","2.04","ACCESORIOS- ACUEDUCTO","2.04.78","SUMINISTRO E INSTALACION TEE PRESION PVC  D=3/4""","UND","$1.620,64","$2.912,41"
"2","SANEAMIENTO BASICO Y MEDIO AMBIENTE","2.04","ACCESORIOS- ACUEDUCTO","2.04.79","SUMINISTRO E INSTALACION TEE PRESION PVC  D=4""","UND","$2.701,07","$116.865,66"
"2","SANEAMIENTO BASICO Y MEDIO AMBIENTE","2.04","ACCESORIOS- ACUEDUCTO","2.04.80","SUMINISTRO E INSTALACION TEE PRESION PVC REDUCCION  D=1"" x 1/2""","UND","$1.350,54","$4.774,55"
"2","SANEAMIENTO BASICO Y MEDIO AMBIENTE","2.04","ACCESORIOS- ACUEDUCTO","2.04.81","SUMINISTRO E INSTALACION TEE PRESION PVC REDUCCION  D=1"" x 3/4""","UND","$810,33","$4.781,84"
"2","SANEAMIENTO BASICO Y MEDIO AMBIENTE","2.04","ACCESORIOS- ACUEDUCTO","2.04.82","SUMINISTRO E INSTALACION TEE PRESION PVC REDUCCION  D=3/4"" x 1/2""","UND","$810,33","$3.099,1"
"2","SANEAMIENTO BASICO Y MEDIO AMBIENTE","2.04","ACCESORIOS- ACUEDUCTO","2.04.83","SUMINISTRO E INSTALACION TEE PVC UM D= 3""x2""x2 1/2""","UND","$4.051,61","$77.036,27"
"2","SANEAMIENTO BASICO Y MEDIO AMBIENTE","2.04","ACCESORIOS- ACUEDUCTO","2.04.84","SUMINISTRO E INSTALACION TEE PVC UM D= 3""x2""x2""","UND","$4.051,61","$72.267,27"
"2","SANEAMIENTO BASICO Y MEDIO AMBIENTE","2.04","ACCESORIOS- ACUEDUCTO","2.04.85","SUMINISTRO E INSTALACION TEE PVC UM D= 3""x2""x3""","UND","$4.051,61","$81.208,27"
"2","SANEAMIENTO BASICO Y MEDIO AMBIENTE","2.04","ACCESORIOS- ACUEDUCTO","2.04.86","SUMINISTRO E INSTALACION TEE PVC UM D= 4""x2""x3""","UND","$4.051,61","$120.709,77"
"2","SANEAMIENTO BASICO Y MEDIO AMBIENTE","2.04","ACCESORIOS- ACUEDUCTO","2.04.87","SUMINISTRO E INSTALACION TEE PVC UM D= 4""x2""x4""","UND","$4.051,61","$128.264,77"
"2","SANEAMIENTO BASICO Y MEDIO AMBIENTE","2.04","ACCESORIOS- ACUEDUCTO","2.04.88","SUMINISTRO E INSTALACION TEE PVC UM D=2 1/2""x2""x2""","UND","$4.051,61","$64.271,27"
"2","SANEAMIENTO BASICO Y MEDIO AMBIENTE","2.04","ACCESORIOS- ACUEDUCTO","2.04.89","SUMINISTRO E INSTALACION TEE PVC UM D=2""x2""x2""","UND","$4.051,61","$44.701,77"
"2","SANEAMIENTO BASICO Y MEDIO AMBIENTE","2.04","ACCESORIOS- ACUEDUCTO","2.04.90","UNION PVC   MECANICA D = 2 1/2""","UND","$10.804,30","$40.856,14"
"2","SANEAMIENTO BASICO Y MEDIO AMBIENTE","2.04","ACCESORIOS- ACUEDUCTO","2.04.91","UNION PVC   MECANICA D = 2""","UND","$10.804,30","$35.084,02"
"2","SANEAMIENTO BASICO Y MEDIO AMBIENTE","2.04","ACCESORIOS- ACUEDUCTO","2.04.92","UNION PVC  MECANICA D = 10""","UND","$13.505,37","$510.992,41"
"2","SANEAMIENTO BASICO Y MEDIO AMBIENTE","2.04","ACCESORIOS- ACUEDUCTO","2.04.93","UNION PVC  MECANICA D = 12""","UND","$13.505,37","$855.601,41"
"2","SANEAMIENTO BASICO Y MEDIO AMBIENTE","2.04","ACCESORIOS- ACUEDUCTO","2.04.94","UNION PVC  MECANICA D = 3""","UND","$13.505,37","$54.754,41"
"2","SANEAMIENTO BASICO Y MEDIO AMBIENTE","2.04","ACCESORIOS- ACUEDUCTO","2.04.95","UNION PVC  MECANICA D = 4""","UND","$13.505,37","$81.492,41"
"2","SANEAMIENTO BASICO Y MEDIO AMBIENTE","2.04","ACCESORIOS- ACUEDUCTO","2.04.96","UNION PVC  MECANICA D = 6""","UND","$13.505,37","$169.612,41"
"2","SANEAMIENTO BASICO Y MEDIO AMBIENTE","2.04","ACCESORIOS- ACUEDUCTO","2.04.97","UNION PVC  MECANICA D = 8""","UND","$13.505,37","$299.197,41"
"2","SANEAMIENTO BASICO Y MEDIO AMBIENTE","2.05","TUBERIA SANITARIA PVC -  ALCANTARILLADO Y DESAGÜE","2.05.01","ARO - TAPA EN  HF - TIPO LIVIANO","UND","$0,00","$215"
"2","SANEAMIENTO BASICO Y MEDIO AMBIENTE","2.05","TUBERIA SANITARIA PVC -  ALCANTARILLADO Y DESAGÜE","2.05.02","BASE Y CAÑUELA, CONCRETO 17.5 MPa - (2500 PSI)","M3","$171.886,54","$622.647,86"
"2","SANEAMIENTO BASICO Y MEDIO AMBIENTE","2.05","TUBERIA SANITARIA PVC -  ALCANTARILLADO Y DESAGÜE","2.05.03","POZO DE INSPECCIÓN, DIAMETRO INTERIOR 1.0m H <1.0m","UND","$261.909,88","$1.124.303,43"
"2","SANEAMIENTO BASICO Y MEDIO AMBIENTE","2.05","TUBERIA SANITARIA PVC -  ALCANTARILLADO Y DESAGÜE","2.05.04","POZO DE INSPECCIÓN, DIÁMETRO INTERIOR 1.2 M , 2.0  <  H < 2.5","UND","$491.093,30","$2.312.167,88"
"2","SANEAMIENTO BASICO Y MEDIO AMBIENTE","2.05","TUBERIA SANITARIA PVC -  ALCANTARILLADO Y DESAGÜE","2.05.05","POZO DE INSPECCIÓN, DIÁMETRO INTERIOR 1.2 M, 1.50  <  H < 2.00","UND","$491.093,30","$1.772.055,49"
"2","SANEAMIENTO BASICO Y MEDIO AMBIENTE","2.05","TUBERIA SANITARIA PVC -  ALCANTARILLADO Y DESAGÜE","2.05.06","POZO DE INSPECCIÓN, DIAMETRO INTERIOR 1.2m, 1.0< H <1.5m","UND","$294.655,98","$1.179.515,21"
"2","SANEAMIENTO BASICO Y MEDIO AMBIENTE","2.05","TUBERIA SANITARIA PVC -  ALCANTARILLADO Y DESAGÜE","2.05.07","POZO DE INSPECCIÓN, DIÁMETRO INTERIOR 1.5 M, 2.5  < H < 3.5","UND","$491.093,30","$3.538.488,86"
"2","SANEAMIENTO BASICO Y MEDIO AMBIENTE","2.05","TUBERIA SANITARIA PVC -  ALCANTARILLADO Y DESAGÜE","2.05.08","PUNTO  DE DESAGUES  D=2""","UND","$10.804,30","$44.109,63"
"2","SANEAMIENTO BASICO Y MEDIO AMBIENTE","2.05","TUBERIA SANITARIA PVC -  ALCANTARILLADO Y DESAGÜE","2.05.09","PUNTO DE DESAGUES PVC 3"" Y 4""","UND","$10.804,30","$88.036,72"
"2","SANEAMIENTO BASICO Y MEDIO AMBIENTE","2.05","TUBERIA SANITARIA PVC -  ALCANTARILLADO Y DESAGÜE","2.05.10","SUMINISTRO E INSTALACION ADAPTADOR DE LIMPIEZA PVC SANITARIA D=2""","UND","$540,21","$7.282,53"
"2","SANEAMIENTO BASICO Y MEDIO AMBIENTE","2.05","TUBERIA SANITARIA PVC -  ALCANTARILLADO Y DESAGÜE","2.05.11","SUMINISTRO E INSTALACION ADAPTADOR DE LIMPIEZA PVC SANITARIA D=3""","UND","$540,21","$15.961,38"
"2","SANEAMIENTO BASICO Y MEDIO AMBIENTE","2.05","TUBERIA SANITARIA PVC -  ALCANTARILLADO Y DESAGÜE","2.05.12","SUMINISTRO E INSTALACION ADAPTADOR DE LIMPIEZA PVC SANITARIA D=4""","UND","$540,21","$23.397,02"
"2","SANEAMIENTO BASICO Y MEDIO AMBIENTE","2.05","TUBERIA SANITARIA PVC -  ALCANTARILLADO Y DESAGÜE","2.05.13","SUMINISTRO E INSTALACION ADAPTADOR DE LIMPIEZA PVC SANITARIA D=6""","UND","$1.350,54","$58.744,97"
"2","SANEAMIENTO BASICO Y MEDIO AMBIENTE","2.05","TUBERIA SANITARIA PVC -  ALCANTARILLADO Y DESAGÜE","2.05.14","SUMINISTRO E INSTALACIÓN CAMARA DE INSPECCIÓN 1000mm 90° POLIETILENO DN=200mm","UND","$55.427,95","$2.287.544,75"
"2","SANEAMIENTO BASICO Y MEDIO AMBIENTE","2.05","TUBERIA SANITARIA PVC -  ALCANTARILLADO Y DESAGÜE","2.05.15","SUMINISTRO E INSTALACIÓN CAMARA DE INSPECCIÓN 1000mm 90° POLIETILENO DN=250mm","UND","$55.427,95","$2.429.108,75"
"2","SANEAMIENTO BASICO Y MEDIO AMBIENTE","2.05","TUBERIA SANITARIA PVC -  ALCANTARILLADO Y DESAGÜE","2.05.16","SUMINISTRO E INSTALACIÓN CAMARA DE INSPECCIÓN 1000mm 90° POLIETILENO DN=315mm","UND","$55.427,95","$2.507.635,75"
"2","SANEAMIENTO BASICO Y MEDIO AMBIENTE","2.05","TUBERIA SANITARIA PVC -  ALCANTARILLADO Y DESAGÜE","2.05.17","SUMINISTRO E INSTALACIÓN CAMARA DE INSPECCIÓN 1000mm BASE RECTA POLIETILENO DN=200mm","UND","$55.427,95","$2.286.780,75"
"2","SANEAMIENTO BASICO Y MEDIO AMBIENTE","2.05","TUBERIA SANITARIA PVC -  ALCANTARILLADO Y DESAGÜE","2.05.18","SUMINISTRO E INSTALACIÓN CAMARA DE INSPECCIÓN 1000mm BASE RECTA POLIETILENO DN=250mm","UND","$55.427,95","$2.380.576,75"
"2","SANEAMIENTO BASICO Y MEDIO AMBIENTE","2.05","TUBERIA SANITARIA PVC -  ALCANTARILLADO Y DESAGÜE","2.05.19","SUMINISTRO E INSTALACIÓN CAMARA DE INSPECCIÓN 1000mm BASE RECTA POLIETILENO DN=315mm","UND","$55.427,95","$2.506.576,75"
"2","SANEAMIENTO BASICO Y MEDIO AMBIENTE","2.05","TUBERIA SANITARIA PVC -  ALCANTARILLADO Y DESAGÜE","2.05.20","SUMINISTRO E INSTALACIÓN CAMARA DE INSPECCIÓN 1000mm DOBLE TEE POLIETILENO DN=200mm","UND","$55.427,95","$2.622.435,75"
"2","SANEAMIENTO BASICO Y MEDIO AMBIENTE","2.05","TUBERIA SANITARIA PVC -  ALCANTARILLADO Y DESAGÜE","2.05.21","SUMINISTRO E INSTALACIÓN CAMARA DE INSPECCIÓN 1000mm DOBLE TEE POLIETILENO DN=250mm","UND","$55.427,95","$2.907.445,75"
"2","SANEAMIENTO BASICO Y MEDIO AMBIENTE","2.05","TUBERIA SANITARIA PVC -  ALCANTARILLADO Y DESAGÜE","2.05.22","SUMINISTRO E INSTALACIÓN CAMARA DE INSPECCIÓN 1000mm DOBLE TEE POLIETILENO DN=315mm","UND","$55.427,95","$3.062.020,75"
"2","SANEAMIENTO BASICO Y MEDIO AMBIENTE","2.05","TUBERIA SANITARIA PVC -  ALCANTARILLADO Y DESAGÜE","2.05.23","SUMINISTRO E INSTALACIÓN CAMARA DE INSPECCIÓN 1000mm INICIAL POLIETILENO DN=200mm","UND","$55.427,95","$2.165.874,75"
"2","SANEAMIENTO BASICO Y MEDIO AMBIENTE","2.05","TUBERIA SANITARIA PVC -  ALCANTARILLADO Y DESAGÜE","2.05.24","SUMINISTRO E INSTALACIÓN CAMARA DE INSPECCIÓN 1000mm INICIAL POLIETILENO DN=250mm","UND","$55.427,95","$2.190.428,75"
"2","SANEAMIENTO BASICO Y MEDIO AMBIENTE","2.05","TUBERIA SANITARIA PVC -  ALCANTARILLADO Y DESAGÜE","2.05.25","SUMINISTRO E INSTALACIÓN CAMARA DE INSPECCIÓN 1000mm INICIAL POLIETILENO DN=315mm","UND","$55.427,95","$2.247.626,75"
"2","SANEAMIENTO BASICO Y MEDIO AMBIENTE","2.05","TUBERIA SANITARIA PVC -  ALCANTARILLADO Y DESAGÜE","2.05.26","SUMINISTRO E INSTALACIÓN CAMARA DE INSPECCIÓN 1000mm TEE POLIETILENO DN=200mm","UND","$55.427,95","$2.505.701,75"
"2","SANEAMIENTO BASICO Y MEDIO AMBIENTE","2.05","TUBERIA SANITARIA PVC -  ALCANTARILLADO Y DESAGÜE","2.05.27","SUMINISTRO E INSTALACIÓN CAMARA DE INSPECCIÓN 1000mm TEE POLIETILENO DN=250mm","UND","$55.427,95","$2.740.491,75"
"2","SANEAMIENTO BASICO Y MEDIO AMBIENTE","2.05","TUBERIA SANITARIA PVC -  ALCANTARILLADO Y DESAGÜE","2.05.28","SUMINISTRO E INSTALACIÓN CAMARA DE INSPECCIÓN 1000mm TEE POLIETILENO DN=315mm","UND","$55.427,95","$2.868.249,75"
"2","SANEAMIENTO BASICO Y MEDIO AMBIENTE","2.05","TUBERIA SANITARIA PVC -  ALCANTARILLADO Y DESAGÜE","2.05.29","SUMINISTRO E INSTALACIÓN CAMARA DE INSPECCIÓN 1000mm TEE POLIETILENO DN=315mm","UND","$55.427,95","$2.868.249,75"
"2","SANEAMIENTO BASICO Y MEDIO AMBIENTE","2.05","TUBERIA SANITARIA PVC -  ALCANTARILLADO Y DESAGÜE","2.05.30","SUMINISTRO E INSTALACION CODO PVC SANITARIO D=10""","UND","$1.350,54","$546.141,41"
"2","SANEAMIENTO BASICO Y MEDIO AMBIENTE","2.05","TUBERIA SANITARIA PVC -  ALCANTARILLADO Y DESAGÜE","2.05.31","SUMINISTRO E INSTALACION CODO PVC SANITARIO D=2""","UND","$1.350,54","$4.866,41"
"2","SANEAMIENTO BASICO Y MEDIO AMBIENTE","2.05","TUBERIA SANITARIA PVC -  ALCANTARILLADO Y DESAGÜE","2.05.32","SUMINISTRO E INSTALACION CODO PVC SANITARIO D=3""","UND","$1.350,54","$8.890,91"
"2","SANEAMIENTO BASICO Y MEDIO AMBIENTE","2.05","TUBERIA SANITARIA PVC -  ALCANTARILLADO Y DESAGÜE","2.05.33","SUMINISTRO E INSTALACION CODO PVC SANITARIO D=4""","UND","$1.350,54","$14.008,41"
"2","SANEAMIENTO BASICO Y MEDIO AMBIENTE","2.05","TUBERIA SANITARIA PVC -  ALCANTARILLADO Y DESAGÜE","2.05.34","SUMINISTRO E INSTALACION CODO PVC SANITARIO D=6""","UND","$4.321,72","$112.823,17"
"2","SANEAMIENTO BASICO Y MEDIO AMBIENTE","2.05","TUBERIA SANITARIA PVC -  ALCANTARILLADO Y DESAGÜE","2.05.35","SUMINISTRO E INSTALACION CODO PVC SANITARIO D=8""","UND","$1.350,54","$181.936,41"
"2","SANEAMIENTO BASICO Y MEDIO AMBIENTE","2.05","TUBERIA SANITARIA PVC -  ALCANTARILLADO Y DESAGÜE","2.05.36","SUMINISTRO E INSTALACIÓN ELEVADOR CÁMARA 1000mm CONCÉNTRICO","UND","$18.475,98","$839.647,58"
"2","SANEAMIENTO BASICO Y MEDIO AMBIENTE","2.05","TUBERIA SANITARIA PVC -  ALCANTARILLADO Y DESAGÜE","2.05.37","SUMINISTRO E INSTALACIÓN ELEVADOR CÁMARA 1000mm EXCÉNTRICO","UND","$18.475,98","$858.998,58"
"2","SANEAMIENTO BASICO Y MEDIO AMBIENTE","2.05","TUBERIA SANITARIA PVC -  ALCANTARILLADO Y DESAGÜE","2.05.38","SUMINISTRO E INSTALACIÓN ELEVADOR CÁMARA 1000mm X 1000mm","UND","$55.427,95","$1.180.297,75"
"2","SANEAMIENTO BASICO Y MEDIO AMBIENTE","2.05","TUBERIA SANITARIA PVC -  ALCANTARILLADO Y DESAGÜE","2.05.39","SUMINISTRO E INSTALACIÓN ELEVADOR CÁMARA 1000mm X 1250mm","UND","$55.427,95","$1.352.318,75"
"2","SANEAMIENTO BASICO Y MEDIO AMBIENTE","2.05","TUBERIA SANITARIA PVC -  ALCANTARILLADO Y DESAGÜE","2.05.40","SUMINISTRO E INSTALACIÓN ELEVADOR CÁMARA 1000mm X 1500mm","UND","$55.427,95","$1.504.331,75"
"2","SANEAMIENTO BASICO Y MEDIO AMBIENTE","2.05","TUBERIA SANITARIA PVC -  ALCANTARILLADO Y DESAGÜE","2.05.41","SUMINISTRO E INSTALACIÓN ELEVADOR CÁMARA 1000mm X 1750mm","UND","$55.427,95","$1.689.516,75"
"2","SANEAMIENTO BASICO Y MEDIO AMBIENTE","2.05","TUBERIA SANITARIA PVC -  ALCANTARILLADO Y DESAGÜE","2.05.42","SUMINISTRO E INSTALACIÓN ELEVADOR CÁMARA 1000mm X 2000mm","UND","$55.427,95","$1.841.553,75"
"2","SANEAMIENTO BASICO Y MEDIO AMBIENTE","2.05","TUBERIA SANITARIA PVC -  ALCANTARILLADO Y DESAGÜE","2.05.43","SUMINISTRO E INSTALACIÓN ELEVADOR CÁMARA 1000mm X 2500mm","UND","$55.427,95","$2.136.044,75"
"2","SANEAMIENTO BASICO Y MEDIO AMBIENTE","2.05","TUBERIA SANITARIA PVC -  ALCANTARILLADO Y DESAGÜE","2.05.44","SUMINISTRO E INSTALACIÓN ELEVADOR CÁMARA 1000mm X 3000mm","UND","$55.427,95","$2.516.379,75"
"2","SANEAMIENTO BASICO Y MEDIO AMBIENTE","2.05","TUBERIA SANITARIA PVC -  ALCANTARILLADO Y DESAGÜE","2.05.45","SUMINISTRO E INSTALACIÓN ELEVADOR CÁMARA 1000mm X 3250mm","UND","$55.427,95","$2.668.412,75"
"2","SANEAMIENTO BASICO Y MEDIO AMBIENTE","2.05","TUBERIA SANITARIA PVC -  ALCANTARILLADO Y DESAGÜE","2.05.46","SUMINISTRO E INSTALACIÓN ELEVADOR CÁMARA 1000mm X 3500mm","UND","$55.427,95","$3.020.140,75"
"2","SANEAMIENTO BASICO Y MEDIO AMBIENTE","2.05","TUBERIA SANITARIA PVC -  ALCANTARILLADO Y DESAGÜE","2.05.47","SUMINISTRO E INSTALACIÓN ELEVADOR CÁMARA 1000mm X 3750mm","UND","$55.427,95","$3.172.161,75"
"2","SANEAMIENTO BASICO Y MEDIO AMBIENTE","2.05","TUBERIA SANITARIA PVC -  ALCANTARILLADO Y DESAGÜE","2.05.48","SUMINISTRO E INSTALACIÓN ELEVADOR CÁMARA 1000mm X 400 mm","UND","$55.427,95","$766.294,75"
"2","SANEAMIENTO BASICO Y MEDIO AMBIENTE","2.05","TUBERIA SANITARIA PVC -  ALCANTARILLADO Y DESAGÜE","2.05.49","SUMINISTRO E INSTALACIÓN ELEVADOR CÁMARA 1000mm X 750 mm","UND","$55.427,95","$1.005.486,75"
"2","SANEAMIENTO BASICO Y MEDIO AMBIENTE","2.05","TUBERIA SANITARIA PVC -  ALCANTARILLADO Y DESAGÜE","2.05.50","SUMINISTRO E INSTALACION TEE SANITARIA D= 4""","UND","$4.051,61","$23.089,66"
"2","SANEAMIENTO BASICO Y MEDIO AMBIENTE","2.05","TUBERIA SANITARIA PVC -  ALCANTARILLADO Y DESAGÜE","2.05.51","SUMINISTRO E INSTALACIÓN TRAMO ESCALERA CÁMARA 10000mm X 500mm","UND","$16.206,45","$392.348,73"
"2","SANEAMIENTO BASICO Y MEDIO AMBIENTE","2.05","TUBERIA SANITARIA PVC -  ALCANTARILLADO Y DESAGÜE","2.05.52","SUMINISTRO E INSTALACIÓN TUBERÍA DE ALCANTARILLADO PVC  D= 6""","ML","$10.742,82","$52.659,53"
"2","SANEAMIENTO BASICO Y MEDIO AMBIENTE","2.05","TUBERIA SANITARIA PVC -  ALCANTARILLADO Y DESAGÜE","2.05.53","SUMINISTRO E INSTALACIÓN TUBERÍA DE ALCANTARILLADO PVC  D=10""","ML","$20.525,63","$116.678,2"
"2","SANEAMIENTO BASICO Y MEDIO AMBIENTE","2.05","TUBERIA SANITARIA PVC -  ALCANTARILLADO Y DESAGÜE","2.05.54","SUMINISTRO E INSTALACIÓN TUBERÍA DE ALCANTARILLADO PVC  D=12""","ML","$22.490,00","$167.900,7"
"2","SANEAMIENTO BASICO Y MEDIO AMBIENTE","2.05","TUBERIA SANITARIA PVC -  ALCANTARILLADO Y DESAGÜE","2.05.55","SUMINISTRO E INSTALACIÓN TUBERÍA DE ALCANTARILLADO PVC  D=14""","ML","$22.490,00","$198.009,2"
"2","SANEAMIENTO BASICO Y MEDIO AMBIENTE","2.05","TUBERIA SANITARIA PVC -  ALCANTARILLADO Y DESAGÜE","2.05.56","SUMINISTRO E INSTALACIÓN TUBERÍA DE ALCANTARILLADO PVC  D=16""","ML","$26.064,93","$256.135,44"
"2","SANEAMIENTO BASICO Y MEDIO AMBIENTE","2.05","TUBERIA SANITARIA PVC -  ALCANTARILLADO Y DESAGÜE","2.05.57","SUMINISTRO E INSTALACIÓN TUBERÍA DE ALCANTARILLADO PVC  D=18""","ML","$26.064,93","$315.599,02"
"2","SANEAMIENTO BASICO Y MEDIO AMBIENTE","2.05","TUBERIA SANITARIA PVC -  ALCANTARILLADO Y DESAGÜE","2.05.58","SUMINISTRO E INSTALACIÓN TUBERÍA DE ALCANTARILLADO PVC D=4""","ML","$7.403,39","$28.446,36"
"2","SANEAMIENTO BASICO Y MEDIO AMBIENTE","2.05","TUBERIA SANITARIA PVC -  ALCANTARILLADO Y DESAGÜE","2.05.59","SUMINISTRO E INSTALACIÓN TUBERÍA DE ALCANTARILLADO PVC D=8""","ML","$10.742,82","$70.714,01"
"2","SANEAMIENTO BASICO Y MEDIO AMBIENTE","2.05","TUBERIA SANITARIA PVC -  ALCANTARILLADO Y DESAGÜE","2.05.60","SUMINISTRO E INSTALACIÓN TUBERÍA DE ALCANTARILLADO PVC NOVALOC  D= 24""","ML","$21.628,85","$449.969"
"2","SANEAMIENTO BASICO Y MEDIO AMBIENTE","2.05","TUBERIA SANITARIA PVC -  ALCANTARILLADO Y DESAGÜE","2.05.61","SUMINISTRO E INSTALACIÓN TUBERÍA DE ALCANTARILLADO PVC NOVALOC  D= 36""","ML","$21.628,85","$1.171.904"
"2","SANEAMIENTO BASICO Y MEDIO AMBIENTE","2.05","TUBERIA SANITARIA PVC -  ALCANTARILLADO Y DESAGÜE","2.05.62","SUMINISTRO E INSTALACIÓN TUBERÍA DE ALCANTARILLADO PVC NOVALOC  D= 42""","ML","$21.628,85","$1.832.004"
"2","SANEAMIENTO BASICO Y MEDIO AMBIENTE","2.05","TUBERIA SANITARIA PVC -  ALCANTARILLADO Y DESAGÜE","2.05.63","SUMINISTRO E INSTALACIÓN TUBERÍA DE ALCANTARILLADO PVC W - RETEN   4""","ML","$10.613,98","$38.682,09"
"2","SANEAMIENTO BASICO Y MEDIO AMBIENTE","2.05","TUBERIA SANITARIA PVC -  ALCANTARILLADO Y DESAGÜE","2.05.64","SUMINISTRO E INSTALACIÓN TUBERÍA DE ALCANTARILLADO PVC W - RETEN   6""","ML","$10.613,98","$68.466,89"
"2","SANEAMIENTO BASICO Y MEDIO AMBIENTE","2.05","TUBERIA SANITARIA PVC -  ALCANTARILLADO Y DESAGÜE","2.05.65","SUMINISTRO E INSTALACIÓN TUBERÍA DE ALCANTARILLADO PVC W - RETEN   8""","ML","$7.378,53","$115.425,48"
"2","SANEAMIENTO BASICO Y MEDIO AMBIENTE","2.05","TUBERIA SANITARIA PVC -  ALCANTARILLADO Y DESAGÜE","2.05.66","SUMINISTRO E INSTALACION YEE  SANITARIA REDUCIDA PVC   D=4"" x 2""","UND","$540,21","$24.468,02"
"2","SANEAMIENTO BASICO Y MEDIO AMBIENTE","2.05","TUBERIA SANITARIA PVC -  ALCANTARILLADO Y DESAGÜE","2.05.67","SUMINISTRO E INSTALACION YEE PVC SANITARIA D=2""","UND","$1.350,54","$8.823,41"
"2","SANEAMIENTO BASICO Y MEDIO AMBIENTE","2.05","TUBERIA SANITARIA PVC -  ALCANTARILLADO Y DESAGÜE","2.05.68","SUMINISTRO E INSTALACION YEE PVC SANITARIA D=3""","UND","$1.080,43","$16.818,88"
"2","SANEAMIENTO BASICO Y MEDIO AMBIENTE","2.05","TUBERIA SANITARIA PVC -  ALCANTARILLADO Y DESAGÜE","2.05.69","SUMINISTRO E INSTALACION YEE PVC SANITARIA D=4""","UND","$1.080,43","$27.920,18"
"2","SANEAMIENTO BASICO Y MEDIO AMBIENTE","2.05","TUBERIA SANITARIA PVC -  ALCANTARILLADO Y DESAGÜE","2.05.70","SUMINISTRO E INSTALACION YEE PVC SANITARIA D=6""","UND","$1.080,43","$132.163,68"
"2","SANEAMIENTO BASICO Y MEDIO AMBIENTE","2.05","TUBERIA SANITARIA PVC -  ALCANTARILLADO Y DESAGÜE","2.05.71","UNIÓN PVC SANITARIA D=2""","UND","$540,21","$4.319,17"
"2","SANEAMIENTO BASICO Y MEDIO AMBIENTE","2.05","TUBERIA SANITARIA PVC -  ALCANTARILLADO Y DESAGÜE","2.05.72","UNIÓN PVC SANITARIA D=3""","UND","$540,21","$5.778,38"
"2","SANEAMIENTO BASICO Y MEDIO AMBIENTE","2.05","TUBERIA SANITARIA PVC -  ALCANTARILLADO Y DESAGÜE","2.05.73","UNIÓN PVC SANITARIA D=4""","UND","$540,21","$9.532,86"
"2","SANEAMIENTO BASICO Y MEDIO AMBIENTE","2.05","TUBERIA SANITARIA PVC -  ALCANTARILLADO Y DESAGÜE","2.05.74","UNIÓN PVC SANITARIA D=6""","UND","$540,21","$35.868,09"
"2","SANEAMIENTO BASICO Y MEDIO AMBIENTE","2.05","TUBERIA SANITARIA PVC -  ALCANTARILLADO Y DESAGÜE","2.05.75","UNIÓN PVC SANITARIA D=8""","UND","$540,21","$98.424,53"
"2","SANEAMIENTO BASICO Y MEDIO AMBIENTE","2.06","OTRAS OBRAS -  ALCANTARILALDO Y DESAGÜES","2.06.01","CAMARA DE CAIDA  10"" X  8""","UND","$141.121,13","$1.040.862,74"
"2","SANEAMIENTO BASICO Y MEDIO AMBIENTE","2.06","OTRAS OBRAS -  ALCANTARILALDO Y DESAGÜES","2.06.02","CAMARA DE CAIDA  12"" X  8""","UND","$196.437,32","$1.323.152,25"
"2","SANEAMIENTO BASICO Y MEDIO AMBIENTE","2.06","OTRAS OBRAS -  ALCANTARILALDO Y DESAGÜES","2.06.03","CAMPO DE INFILTRACION POZO SEPTICO PLASTICO ANAEROBICO DE 1000LTS TUBERIA DRENAJE D=4""","ML","$24.554,66","$86.594,32"
"2","SANEAMIENTO BASICO Y MEDIO AMBIENTE","2.06","OTRAS OBRAS -  ALCANTARILALDO Y DESAGÜES","2.06.04","CONEXIÓN DOMICILIARIA ALCANTARILLADO. INC. TUBERIA Y ACCESORIOS DE CONEXION TUBERIA","UND","$111.969,28","$359.721,13"
"2","SANEAMIENTO BASICO Y MEDIO AMBIENTE","2.06","OTRAS OBRAS -  ALCANTARILALDO Y DESAGÜES","2.06.05","CUBIERTA Y ACCESO","UND","$201.555,36","$475.124,33"
"2","SANEAMIENTO BASICO Y MEDIO AMBIENTE","2.06","OTRAS OBRAS -  ALCANTARILALDO Y DESAGÜES","2.06.06","DEMOLICION CAMARAS 2.5<h<3.0m","UND","$36.149,32","$232.185,8"
"2","SANEAMIENTO BASICO Y MEDIO AMBIENTE","2.06","OTRAS OBRAS -  ALCANTARILALDO Y DESAGÜES","2.06.07","DEMOLICION POZOS DE INSPECCION","UND","$9.822,09","$36.975,08"
"2","SANEAMIENTO BASICO Y MEDIO AMBIENTE","2.06","OTRAS OBRAS -  ALCANTARILALDO Y DESAGÜES","2.06.08","PASOS UÑA DE GATO D=5/8""","UND","$491,11","$6.597,32"
"2","SANEAMIENTO BASICO Y MEDIO AMBIENTE","2.06","OTRAS OBRAS -  ALCANTARILALDO Y DESAGÜES","2.06.09","PLACA DE FONDO O BASE DE POZO DE INSPECCION DIAMETRO=1.70 M","UND","$134.370,24","$626.772,01"
"2","SANEAMIENTO BASICO Y MEDIO AMBIENTE","2.06","OTRAS OBRAS -  ALCANTARILALDO Y DESAGÜES","2.06.10","PLACA DE FONDO O BASE DE POZO DE INSPECCION DIAMETRO=1.96 M","UND","$167.962,80","$739.367,46"
"2","SANEAMIENTO BASICO Y MEDIO AMBIENTE","2.06","OTRAS OBRAS -  ALCANTARILALDO Y DESAGÜES","2.06.11","POZO DE INSPECCION D= 1.20 MH >1,50 M","UND","$55.003,69","$985.039,79"
"2","SANEAMIENTO BASICO Y MEDIO AMBIENTE","2.06","OTRAS OBRAS -  ALCANTARILALDO Y DESAGÜES","2.06.12","POZO DE INSPECCION D= 1.20 MH 1,00 1,50 M","UND","$55.003,69","$985.039,79"
"2","SANEAMIENTO BASICO Y MEDIO AMBIENTE","2.06","OTRAS OBRAS -  ALCANTARILALDO Y DESAGÜES","2.06.13","POZO DE INSPECCION D=1.20 M","UND","$137.509,23","$1.749.548,76"
"2","SANEAMIENTO BASICO Y MEDIO AMBIENTE","2.06","OTRAS OBRAS -  ALCANTARILALDO Y DESAGÜES","2.06.14","POZO DE INSPECCION D=1.20 MH 1.50 , 2.00M","UND","$137.509,23","$1.749.548,76"
"2","SANEAMIENTO BASICO Y MEDIO AMBIENTE","2.06","OTRAS OBRAS -  ALCANTARILALDO Y DESAGÜES","2.06.15","POZO DE INSPECCION D=1.20 MH 2.50 M","UND","$192.267,37","$2.207.873,71"
"2","SANEAMIENTO BASICO Y MEDIO AMBIENTE","2.06","OTRAS OBRAS -  ALCANTARILALDO Y DESAGÜES","2.06.16","POZO DE INSPECCION D=1.50 M, H 3.50 M","UND","$219.769,22","$3.391.049,35"
"2","SANEAMIENTO BASICO Y MEDIO AMBIENTE","2.06","OTRAS OBRAS -  ALCANTARILALDO Y DESAGÜES","2.06.17","POZO DE INSPECCION D=1.95 PLACA DE FONDO","UND","$98.220,88","$812.766,39"
"2","SANEAMIENTO BASICO Y MEDIO AMBIENTE","2.06","OTRAS OBRAS -  ALCANTARILALDO Y DESAGÜES","2.06.18","RETIRO DE TUBERÍA EXISTENTE EN CONCRETO 16""","ML","$16.267,19","$19.978,21"
"2","SANEAMIENTO BASICO Y MEDIO AMBIENTE","2.06","OTRAS OBRAS -  ALCANTARILALDO Y DESAGÜES","2.06.19","RETIRO DE TUBERÍA EXISTENTE EN CONCRETO 8"" A 12""","ML","$9.037,33","$9.308,45"
"2","SANEAMIENTO BASICO Y MEDIO AMBIENTE","2.06","OTRAS OBRAS -  ALCANTARILALDO Y DESAGÜES","2.06.20","RETIRO DE TUBERÍA EXISTENTE EN GRESS 6"" A 10""","ML","$7.229,86","$7.446,76"
"2","SANEAMIENTO BASICO Y MEDIO AMBIENTE","2.06","OTRAS OBRAS -  ALCANTARILALDO Y DESAGÜES","2.06.21","SUMIDERO EN LADRILLO SL 100","UND","$201.555,36","$818.195,97"
"2","SANEAMIENTO BASICO Y MEDIO AMBIENTE","2.06","OTRAS OBRAS -  ALCANTARILALDO Y DESAGÜES","2.06.22","SUMIDERO EN LADRILLO SL 250","UND","$268.740,48","$1.328.256,06"
"2","SANEAMIENTO BASICO Y MEDIO AMBIENTE","2.06","OTRAS OBRAS -  ALCANTARILALDO Y DESAGÜES","2.06.23","SUMIDERO LATERAL SL - 100 H=1.25M (FUNDIDO EN SITIO, CONCRETO HECHO EN OBRA. INCL. SUMINI, FORMA, REF Y CONST. INCL. TAPA)","UND","$511.558,56","$2.136.892,8"
"2","SANEAMIENTO BASICO Y MEDIO AMBIENTE","2.06","OTRAS OBRAS -  ALCANTARILALDO Y DESAGÜES","2.06.24","SUMIDERO LATERAL SL - 150 H=1.25M (FUNDIDO EN SITIO, CONCRETO HECHO EN OBRA. INCL. SUMINI, FORMA, REF Y CONST. INCL. TAPA)","UND","$329.206,99","$2.434.404,11"
"2","SANEAMIENTO BASICO Y MEDIO AMBIENTE","2.06","OTRAS OBRAS -  ALCANTARILALDO Y DESAGÜES","2.06.25","SUMIDERO LATERAL SL - 200 H=1.25M (FUNDIDO EN SITIO, CONCRETO HECHO EN OBRA. INCL. SUMINI, FORMA, REF Y CONST. INCL. TAPA)","UND","$413.188,37","$3.093.386,09"
"2","SANEAMIENTO BASICO Y MEDIO AMBIENTE","2.06","OTRAS OBRAS -  ALCANTARILALDO Y DESAGÜES","2.06.26","SUMIDERO TRANSVERSAL ST-1, H=1.9M (FUNDIDO EN SITIO, CONCRETO HECHO EN OBRA, INC. SUMINISTRO, FORM, REF Y CONST, INC. REJA)","UND","$61.388,05","$1.368.827,72"
"2","SANEAMIENTO BASICO Y MEDIO AMBIENTE","2.06","OTRAS OBRAS -  ALCANTARILALDO Y DESAGÜES","2.06.27","SUMIDERO TRANSVERSAL ST-2, H=1.77M (FUNDIDO EN SITIO, CONCRETO HECHO EN OBRA, INC. SUMINISTRO, FORM, REF Y CONST, INC.","UND","$61.388,05","$1.068.272,29"
"2","SANEAMIENTO BASICO Y MEDIO AMBIENTE","2.06","OTRAS OBRAS -  ALCANTARILALDO Y DESAGÜES","2.06.28","SUMINISTRO E INSTALACIÓN DE POZO SEPTICO PLASTICO ANAEROBICO DE 1000LTS","UND","$134.368,74","$3.230.569,11"
"2","SANEAMIENTO BASICO Y MEDIO AMBIENTE","2.07","OTRAS OBRAS -  CONCRETOS Y OTROS","2.07.01","CONCRETO SIMPLE DE 21 MPa - (3000 PSI)   IMPERMEABILIZADO PARA MUROS","M3","$145.691,40","$829.316,18"
"2","SANEAMIENTO BASICO Y MEDIO AMBIENTE","2.07","OTRAS OBRAS -  CONCRETOS Y OTROS","2.07.02","CONCRETO SIMPLE DE 21 MPa - (3000 PSI)   IMPERMEABILIZADO PARA PLACAS PISOS","M3","$145.691,40","$791.993,78"
"2","SANEAMIENTO BASICO Y MEDIO AMBIENTE","2.07","OTRAS OBRAS -  CONCRETOS Y OTROS","2.07.03","CONCRETO SIMPLE DE 21 MPa - (3000 PSI)   IMPERMEABILIZADO PARA TAPAS","M3","$109.541,31","$696.819,82"
"2","SANEAMIENTO BASICO Y MEDIO AMBIENTE","2.07","OTRAS OBRAS -  CONCRETOS Y OTROS","2.07.04","CONCRETO SIMPLE DE 28 MPa - (4000 PSI)   IMPERMEABILIZADO PARA MUROS","M3","$145.691,40","$905.972,51"
"2","SANEAMIENTO BASICO Y MEDIO AMBIENTE","2.07","OTRAS OBRAS -  CONCRETOS Y OTROS","2.07.05","CONCRETO SIMPLE DE 28 MPa - (4000 PSI)   IMPERMEABILIZADO PARA PLACAS PISOS","M3","$145.691,40","$868.631,36"
"2","SANEAMIENTO BASICO Y MEDIO AMBIENTE","2.07","OTRAS OBRAS -  CONCRETOS Y OTROS","2.07.06","CONCRETO SIMPLE DE 28 MPa - (4000 PSI)   IMPERMEABILIZADO PARA TAPAS","M3","$109.541,31","$773.457,4"
"2","SANEAMIENTO BASICO Y MEDIO AMBIENTE","2.07","OTRAS OBRAS -  CONCRETOS Y OTROS","2.07.07","CORTE DE PAVIMENTO FLEXIBLE PARA ZANJAS DE ACUEDUCTO,  ALCANTARILLADO Y GAS","M3","$128.229,79","$218.757,86"
"2","SANEAMIENTO BASICO Y MEDIO AMBIENTE","2.07","OTRAS OBRAS -  CONCRETOS Y OTROS","2.07.08","CORTE DE PAVIMENTO RÍGIDO PARA ZANJAS DE ACUEDUCTO,  ALCANTARILLADO Y GAS","M3","$128.229,79","$233.258,27"
"2","SANEAMIENTO BASICO Y MEDIO AMBIENTE","2.07","OTRAS OBRAS -  CONCRETOS Y OTROS","2.07.09","SUMINISTRO E INSTALACION DE CONCRETO SIMPLE DE 21 MPA (3000) PARA PLACA DE TANQUE E=10CM","M2","$103.334,46","$193.256,36"
"2","SANEAMIENTO BASICO Y MEDIO AMBIENTE","2.07","OTRAS OBRAS -  CONCRETOS Y OTROS","2.07.10","TRANSPORTE DE CARGA MULAR HASTA 4 KM","Carga","$32.535,08","$87.601,37"
"2","SANEAMIENTO BASICO Y MEDIO AMBIENTE","2.08","ACCESORIOS DE CONTROL DE PRESION Y CAUDAL","2.08.01","SUMINISTRO E INSTALACIÓN VÁLVULA CHEQUE H.F   D = 2"" EXTREMO LISO","UND","$81.032,25","$439.466,38"
"2","SANEAMIENTO BASICO Y MEDIO AMBIENTE","2.08","ACCESORIOS DE CONTROL DE PRESION Y CAUDAL","2.08.02","SUMINISTRO E INSTALACIÓN VÁLVULA CHEQUE H.F   D = 3"" EXTREMO LISO","UND","$81.032,25","$596.065,38"
"2","SANEAMIENTO BASICO Y MEDIO AMBIENTE","2.08","ACCESORIOS DE CONTROL DE PRESION Y CAUDAL","2.08.03","SUMINISTRO E INSTALACIÓN VÁLVULA CHEQUE H.F   D = 6"" EXTREMO LISO","UND","$81.032,25","$1.317.140,38"
"2","SANEAMIENTO BASICO Y MEDIO AMBIENTE","2.08","ACCESORIOS DE CONTROL DE PRESION Y CAUDAL","2.08.04","SUMINISTRO E INSTALACIÓN VÁLVULA COMPUERTA  H.F. D = 2"" EXTREMO BRIDA SELLO ELASTICO, 250 PSI.","UND","$73.663,99","$483.943,03"
"2","SANEAMIENTO BASICO Y MEDIO AMBIENTE","2.08","ACCESORIOS DE CONTROL DE PRESION Y CAUDAL","2.08.05","SUMINISTRO E INSTALACIÓN VÁLVULA COMPUERTA  H.F. D = 2"" EXTREMO LISO SELLO ELASTICO, 250 PSI.","UND","$73.663,99","$431.855,03"
"2","SANEAMIENTO BASICO Y MEDIO AMBIENTE","2.08","ACCESORIOS DE CONTROL DE PRESION Y CAUDAL","2.08.06","SUMINISTRO E INSTALACIÓN VÁLVULA COMPUERTA  H.F. D = 3"" EXTREMO BRIDA SELLO ELASTICO, 250 PSI.","UND","$73.663,99","$672.869,33"
"2","SANEAMIENTO BASICO Y MEDIO AMBIENTE","2.08","ACCESORIOS DE CONTROL DE PRESION Y CAUDAL","2.08.07","SUMINISTRO E INSTALACIÓN VÁLVULA COMPUERTA  H.F. D = 3"" EXTREMO LISO SELLO ELASTICO, 250 PSI.","UND","$73.663,99","$591.615,33"
"5","SUELDOS Y SALARIOS","5.01","SUELDOS Y SALARIOS","5.01.36","TOPOGRAFO AUXILIAR (INCLUYE SALARIO BASE + FACTOR PRESTACIONAL DEL 72.81%)","mes","$2.337.884,00","$2.337.884"
"2","SANEAMIENTO BASICO Y MEDIO AMBIENTE","2.08","ACCESORIOS DE CONTROL DE PRESION Y CAUDAL","2.08.08","SUMINISTRO E INSTALACIÓN VÁLVULA COMPUERTA  H.F. D = 4"" EXTREMO BRIDA SELLO ELASTICO, 250 PSI.","UND","$73.663,99","$1.133.620,26"
"2","SANEAMIENTO BASICO Y MEDIO AMBIENTE","2.08","ACCESORIOS DE CONTROL DE PRESION Y CAUDAL","2.08.09","SUMINISTRO E INSTALACIÓN VÁLVULA COMPUERTA  H.F. D = 4"" EXTREMO LISO SELLO ELASTICO, 250 PSI.","UND","$73.663,99","$796.021,26"
"2","SANEAMIENTO BASICO Y MEDIO AMBIENTE","2.08","ACCESORIOS DE CONTROL DE PRESION Y CAUDAL","2.08.10","SUMINISTRO E INSTALACIÓN VÁLVULA COMPUERTA  H.F. D = 6"" EXTREMO BRIDA SELLO ELASTICO, 250 PSI.","UND","$73.663,99","$1.475.783,73"
"2","SANEAMIENTO BASICO Y MEDIO AMBIENTE","2.08","ACCESORIOS DE CONTROL DE PRESION Y CAUDAL","2.08.11","SUMINISTRO E INSTALACIÓN VÁLVULA COMPUERTA  H.F. D = 6"" EXTREMO LISO SELLO ELASTICO, 250 PSI.","UND","$73.663,99","$1.350.958,73"
"2","SANEAMIENTO BASICO Y MEDIO AMBIENTE","2.08","ACCESORIOS DE CONTROL DE PRESION Y CAUDAL","2.08.12","SUMINISTRO E INSTALACIÓN VÁLVULA COMPUERTA  H.F. D = 8"" EXTREMO BRIDA SELLO ELASTICO, 250 PSI.","UND","$73.663,99","$2.115.060,94"
"2","SANEAMIENTO BASICO Y MEDIO AMBIENTE","2.08","ACCESORIOS DE CONTROL DE PRESION Y CAUDAL","2.08.13","SUMINISTRO E INSTALACIÓN VÁLVULA COMPUERTA  H.F. D =8"" EXTREMO LISO SELLO ELASTICO, 250 PSI.","UND","$73.663,99","$1.950.199,94"
"2","SANEAMIENTO BASICO Y MEDIO AMBIENTE","2.08","ACCESORIOS DE CONTROL DE PRESION Y CAUDAL","2.08.14","SUMINISTRO E INSTALACIÓN VÁLVULA DE CHEQUE H.F.   D = 2"" E. BRIDA","UND","$160.764,86","$544.478,89"
"2","SANEAMIENTO BASICO Y MEDIO AMBIENTE","2.08","ACCESORIOS DE CONTROL DE PRESION Y CAUDAL","2.08.15","SUMINISTRO E INSTALACIÓN VÁLVULA DE CHEQUE H.F.   D = 3"" E. BRIDA","UND","$160.764,86","$798.544,02"
"2","SANEAMIENTO BASICO Y MEDIO AMBIENTE","2.08","ACCESORIOS DE CONTROL DE PRESION Y CAUDAL","2.08.16","SUMINISTRO E INSTALACIÓN VÁLVULA DE CHEQUE H.F.   D = 4"" E. BRIDA","UND","$160.764,86","$966.971,28"
"2","SANEAMIENTO BASICO Y MEDIO AMBIENTE","2.08","ACCESORIOS DE CONTROL DE PRESION Y CAUDAL","2.08.17","SUMINISTRO E INSTALACIÓN VÁLVULA DE CHEQUE H.F.   D =6"" E. BRIDA","UND","$160.764,86","$1.573.864,42"
"2","SANEAMIENTO BASICO Y MEDIO AMBIENTE","2.08","ACCESORIOS DE CONTROL DE PRESION Y CAUDAL","2.08.18","SUMINISTRO E INSTALACIÓN VÁLVULA DE CONTROL PARA AGUA (PRESIÓN Y CAUDAL) D=2""","UND","$10.804,30","$296.146,38"
"2","SANEAMIENTO BASICO Y MEDIO AMBIENTE","2.08","ACCESORIOS DE CONTROL DE PRESION Y CAUDAL","2.08.19","SUMINISTRO E INSTALACIÓN VÁLVULA DE CONTROL PARA AGUA (PRESIÓN Y CAUDAL) D=3""","UND","$27.010,75","$2.624.302,46"
"2","SANEAMIENTO BASICO Y MEDIO AMBIENTE","2.08","ACCESORIOS DE CONTROL DE PRESION Y CAUDAL","2.08.20","SUMINISTRO E INSTALACIÓN VÁLVULA DE CONTROL PARA AGUA (PRESIÓN Y CAUDAL) D=4""","UND","$10.804,30","$3.432.529,38"
"2","SANEAMIENTO BASICO Y MEDIO AMBIENTE","2.08","ACCESORIOS DE CONTROL DE PRESION Y CAUDAL","2.08.21","SUMINISTRO E INSTALACIÓN VÁLVULA DE CONTROL PARA AGUA (PRESIÓN Y CAUDAL) D=6""","UND","$16.206,45","$5.886.832,08"
"2","SANEAMIENTO BASICO Y MEDIO AMBIENTE","2.08","ACCESORIOS DE CONTROL DE PRESION Y CAUDAL","2.08.22","SUMINISTRO E INSTALACIÓN VALVULA DE PIE, D= 4"" CANASTILLA DE BRONCE HBVP, CUERPO Y CANASTILLA EN HF, ROSCA NPT SELLO DE CAUCHO, TUERCA Y RESORTE EN AI, PRESION DE W 150 PSI","UND","$27.010,75","$879.164,46"
"2","SANEAMIENTO BASICO Y MEDIO AMBIENTE","2.08","ACCESORIOS DE CONTROL DE PRESION Y CAUDAL","2.08.23","SUMINISTRO E INSTALACIÓN VÁLVULA MARIPOSA  D=2 1/2""","UND","$54.021,50","$251.995,51"
"2","SANEAMIENTO BASICO Y MEDIO AMBIENTE","2.08","ACCESORIOS DE CONTROL DE PRESION Y CAUDAL","2.08.24","SUMINISTRO E INSTALACIÓN VÁLVULA MARIPOSA  D=3""","UND","$54.021,50","$369.282,51"
"2","SANEAMIENTO BASICO Y MEDIO AMBIENTE","2.08","ACCESORIOS DE CONTROL DE PRESION Y CAUDAL","2.08.25","SUMINISTRO E INSTALACIÓN VÁLVULA MARIPOSA  D=4""","UND","$54.021,50","$433.925,51"
"2","SANEAMIENTO BASICO Y MEDIO AMBIENTE","2.08","ACCESORIOS DE CONTROL DE PRESION Y CAUDAL","2.08.26","SUMINISTRO E INSTALACIÓN VÁLVULA MARIPOSA  D=6""","UND","$54.021,50","$587.918,51"
"2","SANEAMIENTO BASICO Y MEDIO AMBIENTE","2.08","ACCESORIOS DE CONTROL DE PRESION Y CAUDAL","2.08.27","SUMINISTRO E INSTALACIÓN VENTOSA DE DOBLE ACCIÓN  D = ½""  EN HIERRO DÚCTIL","UND","$49.109,33","$354.460,55"
"2","SANEAMIENTO BASICO Y MEDIO AMBIENTE","2.08","ACCESORIOS DE CONTROL DE PRESION Y CAUDAL","2.08.28","SUMINISTRO E INSTALACIÓN VENTOSA DE DOBLE ACCIÓN  D =2""  EN HIERRO DÚCTIL","UND","$49.109,33","$398.189,96"
"2","SANEAMIENTO BASICO Y MEDIO AMBIENTE","2.08","ACCESORIOS DE CONTROL DE PRESION Y CAUDAL","2.08.29","SUMINISTRO E INSTALCIÓN VÁLVULA DE PURGA D=1""","UND","$43.217,20","$93.030,29"
"2","SANEAMIENTO BASICO Y MEDIO AMBIENTE","2.08","ACCESORIOS DE CONTROL DE PRESION Y CAUDAL","2.08.30","SUMINISTRO E INSTALCIÓN VÁLVULA DE PURGA D=1/2""","UND","$43.217,20","$75.873,29"
"2","SANEAMIENTO BASICO Y MEDIO AMBIENTE","2.08","ACCESORIOS DE CONTROL DE PRESION Y CAUDAL","2.08.31","SUMINISTRO E INSTALCIÓN VÁLVULA DE PURGA D=2""","UND","$43.217,20","$150.535,29"
"2","SANEAMIENTO BASICO Y MEDIO AMBIENTE","2.08","ACCESORIOS DE CONTROL DE PRESION Y CAUDAL","2.08.32","SUMINISTRO E INSTALACIÓN VENTOSA DE DOBLE ACCIÓN  D =  1""","UND","$43.217,20","$291.378,04"
"2","SANEAMIENTO BASICO Y MEDIO AMBIENTE","2.09","REFORESTACION","2.09.01","AISLAMIENTO, DISTANCIAL ENTRE POSTES 2.5 MTS CON 4 HILOS DE ALAMBRE","km","$1.375.061,24","$7.937.726,25"
"2","SANEAMIENTO BASICO Y MEDIO AMBIENTE","2.09","REFORESTACION","2.09.02","AISLAMIENTO PARA RESTAURACION PASIVA, DISTANCIA ENTRE POSTES 2.5 MTS CON 5 HILOS DE ALAMBRE, INCLUYE MANTENIMIENTO POR 3 AÑOS","km","$2.946.559,80","$9.357.146,57"
"2","SANEAMIENTO BASICO Y MEDIO AMBIENTE","2.09","REFORESTACION","2.09.03","CONSTRUCCION DE JARDINES","M2","$14.733,13","$73.299,19"
"2","SANEAMIENTO BASICO Y MEDIO AMBIENTE","2.09","REFORESTACION","2.09.04","ESTABLECIMIENTO DE SETOS","ML","$3.802,99","$17.965,14"
"2","SANEAMIENTO BASICO Y MEDIO AMBIENTE","2.09","REFORESTACION","2.09.05","MANTENIMIENTO AÑO 2","HA","$2.259.029,17","$2.537.911,23"
"2","SANEAMIENTO BASICO Y MEDIO AMBIENTE","2.09","REFORESTACION","2.09.06","MANTENIMIENTO AÑO 3","HA","$2.259.029,17","$2.537.911,23"
"2","SANEAMIENTO BASICO Y MEDIO AMBIENTE","2.09","REFORESTACION","2.09.07","MANTENIMIENTO DE PRADOS","M2","$3.151,20","$3.415,9"
"2","SANEAMIENTO BASICO Y MEDIO AMBIENTE","2.09","REFORESTACION","2.09.08","MANTENIMIENTO DE SETOS","ML","$3.151,20","$3.403,3"
"2","SANEAMIENTO BASICO Y MEDIO AMBIENTE","2.09","REFORESTACION","2.09.09","REFORESTACION INCLUYE ROCERÍA, TRAZADO, PLATEO, AHOYADO, RESPOSICION, LIMPIAS","HA","$2.946.559,80","$5.165.401,8"
"3","VIAS, PUENTES Y TRANSPORTES","3.01","PRELIMINARES (VIAS)","3.01.01","DESMONTE Y LIMPIEZA EN BOSQUE","HA","$723.001,70","$1.833.596,02"
"3","VIAS, PUENTES Y TRANSPORTES","3.01","PRELIMINARES (VIAS)","3.01.02","DESMONTE Y LIMPIEZA EN BOSQUE INCLUYE ACARREO LIBRE HASTA 5 KM","HA","$723.001,70","$2.470.736,02"
"3","VIAS, PUENTES Y TRANSPORTES","3.01","PRELIMINARES (VIAS)","3.01.03","DESMONTE Y LIMPIEZA EN ZONA NO BOSCOSA","HA","$1.012.202,38","$1.138.541,92"
"3","VIAS, PUENTES Y TRANSPORTES","3.01","PRELIMINARES (VIAS)","3.01.04","LOCALIZACION Y REPLANTEO TOPOGRAFICO","km","$2.508.327,66","$2.813.077,04"
"3","VIAS, PUENTES Y TRANSPORTES","3.01","PRELIMINARES (VIAS)","3.01.05","DESMONTE Y TRASLADO DE ESTRUCTURAS METALICAS( INCLUYE CARGUE Y DESCARGUES)","kg","$97,13","$1.043,76"
"3","VIAS, PUENTES Y TRANSPORTES","3.01","PRELIMINARES (VIAS)","3.01.06","REMOCION DE CERCA DE ALAMBRE","ML","$3.615,01","$3.795,76"
"3","VIAS, PUENTES Y TRANSPORTES","3.01","PRELIMINARES (VIAS)","3.01.07","REMOCION Y BLOQUEO  DE ESPECIES VEGETALES  DE  DAP>30 CMS Y ALTURA >3  MTS","UND","$36.150,08","$273.856,14"
"3","VIAS, PUENTES Y TRANSPORTES","3.02","EXPLANACIONES","3.02.01","CONFORMACION DE BOTADERO O ESCOMBRERA","M3","$151,83","$3.472,69"
"3","VIAS, PUENTES Y TRANSPORTES","3.02","EXPLANACIONES","3.02.02","EXCAVACION DE CORTES Y CANALES SIN CLASIFICAR INCLUYE ACARREO LIBRE DE 5 KM","M3","$612,44","$14.301,4"
"3","VIAS, PUENTES Y TRANSPORTES","3.02","EXPLANACIONES","3.02.03","EXCAVACION DE CORTES, CANALES Y PRESTAMOS EN MATERIAL COMUN A MAQUINA INCLUYE CARGUE Y ACARREO LIBRE DE 5 KM","M3","$0,00","$11.547,33"
"3","VIAS, PUENTES Y TRANSPORTES","3.02","EXPLANACIONES","3.02.04","EXCAVACION EN ROCA CON COMPRESOR Y DINAMITA","M3","$48.563,80","$135.669,72"
"3","VIAS, PUENTES Y TRANSPORTES","3.02","EXPLANACIONES","3.02.05","EXCAVACION MECANICA EN ROCA DE LA EXPLANEACION, CANALES Y PRESTAMOS SIN EXPLOSIVOS","M3","$232,73","$66.264,04"
"3","VIAS, PUENTES Y TRANSPORTES","3.02","EXPLANACIONES","3.02.06","EXCAVACIONES DE CORTES, CANALES Y PRESTAMOS EN ROCA A MAQUINA INCLUYE ACARREO LIBRE DE 5 KM CON EXPLOSIVOS (APERTURA Y/O AMPLIACION DE VIA)","M3","$19.643,74","$71.811,01"
"3","VIAS, PUENTES Y TRANSPORTES","3.02","EXPLANACIONES","3.02.07","EXCAVACIONES MECANICAS VARIAS EN MATERIAL COMUN SECO","M3","$303,66","$13.438,38"
"3","VIAS, PUENTES Y TRANSPORTES","3.02","EXPLANACIONES","3.02.08","EXCAVACIONES MECANICAS VARIAS EN ROCA BAJO AGUA","M3","$73.391,22","$140.354,52"
"3","VIAS, PUENTES Y TRANSPORTES","3.02","EXPLANACIONES","3.02.09","EXCAVACIONES MECANICAS VARIAS EN ROCA EN SECO","M3","$17.256,52","$68.459,38"
"3","VIAS, PUENTES Y TRANSPORTES","3.02","EXPLANACIONES","3.02.10","PEDRAPLEN COMPACTO","M3","$1.382,57","$88.793,55"
"3","VIAS, PUENTES Y TRANSPORTES","3.02","EXPLANACIONES","3.02.11","PEDRAPLEN SUELTO","M3","$608,96","$73.322,01"
"3","VIAS, PUENTES Y TRANSPORTES","3.02","EXPLANACIONES","3.02.12","TERRAPLENES","M3","$491,09","$15.083,65"
"3","VIAS, PUENTES Y TRANSPORTES","3.03","OBRAS DE DRENAJE, PROTECCION Y ESTRUCTURAS","3.03.01","COLCHOGAVIONES SEGUN NORMA INVIAS","M3","$39.287,46","$213.984,31"
"3","VIAS, PUENTES Y TRANSPORTES","3.03","OBRAS DE DRENAJE, PROTECCION Y ESTRUCTURAS","3.03.02","CONSTRUCCION DE FILTROS A CUALQUIER PROFUNDIDAD, CON MATERIAL  FILTRANTE SEGUN NORMA INVIAS, SIN EXCAVACION, INCLUYE GEOTEXTIL NT 2000","M3","$85.259,42","$201.465,74"
"3","VIAS, PUENTES Y TRANSPORTES","3.03","OBRAS DE DRENAJE, PROTECCION Y ESTRUCTURAS","3.03.03","CONSTRUCCIÓN DE MUROS EN GAVIONES, INCLUYE MALLA ESLABONADA TRIPLE TORSION CAL. 13","M3","$51.598,86","$195.968,2"
"3","VIAS, PUENTES Y TRANSPORTES","3.03","OBRAS DE DRENAJE, PROTECCION Y ESTRUCTURAS","3.03.04","CONSTRUCCION MANUAL DE CUNETAS EN TIERRA","ML","$3.615,01","$3.846,37"
"3","VIAS, PUENTES Y TRANSPORTES","3.03","OBRAS DE DRENAJE, PROTECCION Y ESTRUCTURAS","3.03.05","CUNETAS REVESTIDAS EN CONCRETO DE 21 MPA ( 3000 PSI) SIN REFUERZO (INCLUYE SELLO DE JUNTAS)","M3","$58.931,19","$575.964,03"
"3","VIAS, PUENTES Y TRANSPORTES","3.03","OBRAS DE DRENAJE, PROTECCION Y ESTRUCTURAS","3.03.06","DISIPADOR DE ENERGIA Y SEDIMENTADOR EN CONCRETO SIMPLE DE 21 MPA (3000 PSI), (NO INCLUYE REFUERZO)","M3","$105.817,20","$630.977,26"
"3","VIAS, PUENTES Y TRANSPORTES","3.03","OBRAS DE DRENAJE, PROTECCION Y ESTRUCTURAS","3.03.07","DISIPADOR DE ENERGIA Y SEDIMENTADOR EN GAVIONES, CON RECUBRIMIENTO EN MORTERO 1:3","M3","$54.456,92","$280.288,42"
"3","VIAS, PUENTES Y TRANSPORTES","3.03","OBRAS DE DRENAJE, PROTECCION Y ESTRUCTURAS","3.03.08","DRENAJES EN TUBERIA DE PVC 4`` PERFORADA INCLUYE GRAVILLA FINA","ML","$8.103,23","$34.412,89"
"3","VIAS, PUENTES Y TRANSPORTES","3.03","OBRAS DE DRENAJE, PROTECCION Y ESTRUCTURAS","3.03.09","DRENES HORIZONTALES TUBERIA PVC PERFORADA CON FILTRO  2""","ML","$30.987,24","$193.210,2"
"3","VIAS, PUENTES Y TRANSPORTES","3.03","OBRAS DE DRENAJE, PROTECCION Y ESTRUCTURAS","3.03.10","EXCAVACION MANUAL EN MATERIAL COMUN","M3","$46.517,48","$48.843,35"
"3","VIAS, PUENTES Y TRANSPORTES","3.03","OBRAS DE DRENAJE, PROTECCION Y ESTRUCTURAS","3.03.11","EXCAVACION MANUAL EN MATERIAL CONGLOMERADO","M3","$67.184,37","$69.401,45"
"3","VIAS, PUENTES Y TRANSPORTES","3.03","OBRAS DE DRENAJE, PROTECCION Y ESTRUCTURAS","3.03.12","MEJORAMIENTO DE PISO CON MATERIAL DE AFIRMADO COMPACTADO CON PLANCHA VIBRADORA, INCLUYE ACARREO LIBRE DE 5 KM.","M3","$19.643,74","$82.433,28"
"3","VIAS, PUENTES Y TRANSPORTES","3.03","OBRAS DE DRENAJE, PROTECCION Y ESTRUCTURAS","3.03.13","MURO DE CONTENCION DE SUELO REFORZADO CON GEOTEXTIL (TIERRA ARMADA) incluye acarreo libre 5 km","M3","$5.374,75","$163.193,8"
"3","VIAS, PUENTES Y TRANSPORTES","3.03","OBRAS DE DRENAJE, PROTECCION Y ESTRUCTURAS","3.03.14","PLACA DE PROTECCION PARA  TUBERIAS Y CANALES (INCLUYE ACERO DE REFUERZO)","ML","$39.533,90","$200.065,92"
"3","VIAS, PUENTES Y TRANSPORTES","3.03","OBRAS DE DRENAJE, PROTECCION Y ESTRUCTURAS","3.03.15","RELLENO CON MATERIAL DE AFIRMADO COMPACTADO PLANCHA VIBRADORA","M3","$19.643,74","$73.050,7"
"3","VIAS, PUENTES Y TRANSPORTES","3.03","OBRAS DE DRENAJE, PROTECCION Y ESTRUCTURAS","3.03.16","RELLENO CON MATERIAL SELECCIONADO PROVENIENTE DE EXCAVACION COMPACTADO CON PLANTA VIBRADORA","M3","$17.051,89","$20.392,1"
"3","VIAS, PUENTES Y TRANSPORTES","3.03","OBRAS DE DRENAJE, PROTECCION Y ESTRUCTURAS","3.03.17","SUELO CEMENTO RELACION 1:8","M3","$4.911,05","$102.745,03"
"3","VIAS, PUENTES Y TRANSPORTES","3.03","OBRAS DE DRENAJE, PROTECCION Y ESTRUCTURAS","3.03.18","SUMINISTRO E INSTALACION DE CONCRETO  SIMPLE DE 17.5 MPA (2500 PSI) PARA ELEVACIONES","M3","$62.000,67","$650.668,16"
"3","VIAS, PUENTES Y TRANSPORTES","3.03","OBRAS DE DRENAJE, PROTECCION Y ESTRUCTURAS","3.03.19","SUMINISTRO E INSTALACION DE CONCRETO CICLOPEO DE 17.5 MPA (2500) , 40% RAJON PARA BASES","M3","$115.748,17","$445.682,27"
"3","VIAS, PUENTES Y TRANSPORTES","3.03","OBRAS DE DRENAJE, PROTECCION Y ESTRUCTURAS","3.03.20","SUMINISTRO E INSTALACION DE CONCRETO CICLOPEO DE 17.5 MPA (2500) , 40% RAJON PARA ELEVACIONES","M3","$273.853,28","$678.724,96"
"3","VIAS, PUENTES Y TRANSPORTES","3.03","OBRAS DE DRENAJE, PROTECCION Y ESTRUCTURAS","3.03.21","SUMINISTRO E INSTALACION DE CONCRETO CICLOPEO DE 17.5 MPA (2500) , 60% RAJON PARA PLACA HUELLAS","M3","$144.668,24","$396.065,92"
"3","VIAS, PUENTES Y TRANSPORTES","3.03","OBRAS DE DRENAJE, PROTECCION Y ESTRUCTURAS","3.03.22","SUMINISTRO E INSTALACION DE CONCRETO DE 14 MPA (2000 PSI) SOLADOS Y ATRAQUES","M3","$13.436,88","$441.026,22"
"3","VIAS, PUENTES Y TRANSPORTES","3.03","OBRAS DE DRENAJE, PROTECCION Y ESTRUCTURAS","3.03.23","SUMINISTRO E INSTALACION DE CONCRETO SIMPLE DE 17.5 MPA (2500) PARA BASES","M3","$20.666,89","$541.179,04"
"3","VIAS, PUENTES Y TRANSPORTES","3.03","OBRAS DE DRENAJE, PROTECCION Y ESTRUCTURAS","3.03.24","SUMINISTRO E INSTALACION DE CONCRETO SIMPLE DE 21 MPA (3000 PSI) PARA ELEVACIONES, H<3.0 MTS","M3","$177.530,64","$862.988,34"
"3","VIAS, PUENTES Y TRANSPORTES","3.03","OBRAS DE DRENAJE, PROTECCION Y ESTRUCTURAS","3.03.25","SUMINISTRO E INSTALACION DE CONCRETO SIMPLE DE 21 MPA (3000 PSI) PARA ELEVACIONES, H>3.0 MTS","M3","$206.668,91","$965.487,4"
"3","VIAS, PUENTES Y TRANSPORTES","3.03","OBRAS DE DRENAJE, PROTECCION Y ESTRUCTURAS","3.03.26","SUMINISTRO E INSTALACION DE CONCRETO SIMPLE DE 21 MPA (3000) PARA BASES","M3","$103.334,46","$667.019,24"
"3","VIAS, PUENTES Y TRANSPORTES","3.03","OBRAS DE DRENAJE, PROTECCION Y ESTRUCTURAS","3.03.27","SUMINISTRO E INSTALACION DE TUBERIA DE CONCRETO REFORZADO D=24"", INCLUYE EMBOQUILLADA","ML","$49.109,33","$257.861,84"
"3","VIAS, PUENTES Y TRANSPORTES","3.03","OBRAS DE DRENAJE, PROTECCION Y ESTRUCTURAS","3.03.28","SUMINISTRO E INSTALACION DE TUBERIA DE CONCRETOREFORZADO D=36"", INCLUYE EMBOQUILLADA","ML","$49.109,33","$457.585,3"
"3","VIAS, PUENTES Y TRANSPORTES","3.04","AFIRMADO, SUBBASES Y BASES","3.04.01","SUMINISTRO, EXTENDIDA Y COMPATACION BASE ESTABILIZADA CON CEMENTO PORTLAND SEGUN DISEÑO","M3","$8.471,39","$188.668,36"
"3","VIAS, PUENTES Y TRANSPORTES","3.04","AFIRMADO, SUBBASES Y BASES","3.04.02","SUMINISTRO, EXTENDIDA Y COMPATACION BASE ESTABILIZADA CON EMULSION ASFALTICA TIPO CRL-1H, SEGUN DISEÑO","M3","$10.749,50","$300.311,26"
"3","VIAS, PUENTES Y TRANSPORTES","3.04","AFIRMADO, SUBBASES Y BASES","3.04.03","CUNETEO, PERFILADO Y COMPACTACION DE LA BANCA EXISTENTE.  (TRABAJO PREVIO A PAVIMENTACION)","km","$0,00","$1.182.608,7"
"3","VIAS, PUENTES Y TRANSPORTES","3.04","AFIRMADO, SUBBASES Y BASES","3.04.04","SUMINISTRO, EXTENDIDA MATERIAL DE AFIRMADO, SIN COMPACTAR HASTA UN DIÁMETRO DE 2"" Y UN ÍNDICE PLÁSTICO MENOR O IGUAL 9%, INCLUYE ACARREO LIBRE DE 5 KM  (**)","M3","$1.302,96","$54.776,8"
"3","VIAS, PUENTES Y TRANSPORTES","3.04","AFIRMADO, SUBBASES Y BASES","3.04.05","SUMINISTRO, EXTENDIDA Y COMPACTACIÓN DE MATERIAL PARA AFIRMADO HASTA UN DIÁMETRO DE 2"" Y UN ÍNDICE PLÁSTICO MENOR O IGUAL 9%  Y COMPACTO  AL 95% PROCTOR, INCLUYE ACARREO LIBRE 5 KM (**)","M3","$1.302,96","$74.810,75"
"3","VIAS, PUENTES Y TRANSPORTES","3.04","AFIRMADO, SUBBASES Y BASES","3.04.06","SUMINISTRO, EXTENDIDA Y COMPACTACION DE MATERIAL SELECCIONADO PARA BASE GRANULAR (INCLUYE  ACARREO LIBRE DE 5KM) (**)","M3","$4.917,97","$111.672,11"
"3","VIAS, PUENTES Y TRANSPORTES","3.04","AFIRMADO, SUBBASES Y BASES","3.04.07","SUMINISTRO, EXTENDIDA Y COMPACTACION DE MATERIAL SELECCIONADO PARA SUBBASE GRANULAR  (INCLUYE ACARREO LIBRE DE 5KM)  (**)","M3","$4.917,97","$90.100,77"
"3","VIAS, PUENTES Y TRANSPORTES","3.05","PAVIMENTO RIGIDO","3.05.01","CONCRETO PARA PAVIMENTO RIGIDO 24.5 MPa - (3500 PSI), INCLUYE JUNTA EN ASFALTO","M3","$76.460,71","$706.218,57"
"3","VIAS, PUENTES Y TRANSPORTES","3.05","PAVIMENTO RIGIDO","3.05.02","CORTE DE PAVIMENTO EN CONCRETO HIDRAULICO (INCLUYE SELLADO)","ML","$1.446,00","$4.158,57"
"3","VIAS, PUENTES Y TRANSPORTES","3.05","PAVIMENTO RIGIDO","3.05.03","CONCRETO MR 3.6 MPA NORMAL, TAMAÑO MAXIMO AGREGADO 25MM, RESISTENCIA A 28 DIAS, ASENTAMIENTO 10CM +/- 2.5CM (MR 36 NORMAL)","M3","$95.081,28","$686.042,13"
"3","VIAS, PUENTES Y TRANSPORTES","3.05","PAVIMENTO RIGIDO","3.05.04","CONCRETO MR 3.9 MPA NORMAL, TAMAÑO MAXIMO AGREGADO 25MM, RESISTENCIA A 28 DIAS, ASENTAMIENTO 10CM +/- 2.5CM (MR 39 NORMAL)","M3","$95.081,28","$704.784,63"
"3","VIAS, PUENTES Y TRANSPORTES","3.05","PAVIMENTO RIGIDO","3.05.05","CONCRETO MR 4.0 MPA NORMAL, TAMAÑO MAXIMO AGREGADO 25MM, RESISTENCIA A 28 DIAS, ASENTAMIENTO 10CM +/- 2.5CM (MR 40 NORMAL)","M3","$95.081,28","$707.283,63"
"3","VIAS, PUENTES Y TRANSPORTES","3.05","PAVIMENTO RIGIDO","3.05.06","CONCRETO MR 4.1 MPA NORMAL, TAMAÑO MÁXIMO AGREGADO 25MM, RESISTENCIA A 28 DIAS, ASENTAMIENTO 10CM +/- 2.5CM (MR 41 NORMAL)","M3","$95.081,28","$712.281,63"
"3","VIAS, PUENTES Y TRANSPORTES","3.05","PAVIMENTO RIGIDO","3.05.07","CONCRETO MR 4.2 MPA NORMAL, TAMAÑO MAXIMO AGREGADO 25MM, RESISTENCIA A 28 DIAS, ASENTAMIENTO 10CM +/- 2.5CM (MR 42 NORMAL)","M3","$95.081,28","$721.028,13"
"3","VIAS, PUENTES Y TRANSPORTES","3.05","PAVIMENTO RIGIDO","3.05.08","CONCRETO MR 4.3 MPA NORMAL, TAMAÑO MAXIMO AGREGADO 25MM, RESISTENCIA A 28 DIAS, ASENTAMIENTO 10CM +/- 2.5CM (MR 43 NORMAL)","M3","$95.081,28","$727.275,63"
"3","VIAS, PUENTES Y TRANSPORTES","3.05","PAVIMENTO RIGIDO","3.05.09","CONCRETO MR 4.5 MPA NORMAL, TAMAÑO MAXIMO AGREGADO 25MM, RESISTENCIA A 28 DIAS, ASENTAMIENTO 10CM +/- 2.5CM (MR 45 NORMAL)","M3","$95.081,28","$739.770,63"
"3","VIAS, PUENTES Y TRANSPORTES","3.05","PAVIMENTO RIGIDO","3.05.10","CONCRETO MR 5.0 MPA NORMAL, TAMAÑO MAXIMO AGREGADO 25MM, RESISTENCIA A 28 DIAS, ASENTAMIENTO 10CM +/- 2.5CM (MR 50 NORMAL)","M3","$95.081,28","$752.265,63"
"3","VIAS, PUENTES Y TRANSPORTES","3.06","PAVIMENTO FLEXIBLE","3.06.01","APERTURA MECANICA DE CAJA Y RETIRO DE SOBRANTES","M3","$57.840,14","$85.029,43"
"3","VIAS, PUENTES Y TRANSPORTES","3.06","PAVIMENTO FLEXIBLE","3.06.02","BARRIDO Y SOPLADO","M2","$723,00","$1.682,86"
"3","VIAS, PUENTES Y TRANSPORTES","3.06","PAVIMENTO FLEXIBLE","3.06.03","CONSTRUCCION DE CARPETA ASFALTICA EN CALIENTE, INCLUYE BARRIDO, SUMINISTRO Y COMPACTACION ( INCLUYE ACARREO LIBRE DE 5 KM) NORMA INVIAS (**)","M3","$42.331,69","$582.852,45"
"3","VIAS, PUENTES Y TRANSPORTES","3.06","PAVIMENTO FLEXIBLE","3.06.04","CONSTRUCCION TRATAMIENTO SUPERFICIAL DOBLESEGÚN NORMA INV.","M2","$1.230,46","$15.735,2"
"3","VIAS, PUENTES Y TRANSPORTES","3.06","PAVIMENTO FLEXIBLE","3.06.05","CONSTRUCCION TRATAMIENTO SUPERFICIAL SIMPLE SEGÚN NORMA INV.","M2","$1.230,46","$8.965,25"
"3","VIAS, PUENTES Y TRANSPORTES","3.06","PAVIMENTO FLEXIBLE","3.06.07","FRESADO DE PAVIMENTO ASFALTICO EN ESPESOR DE 10 CM, INCLUYE ACARREO LIBRE DE 5 KM","M2","$367,47","$7.175,03"
"3","VIAS, PUENTES Y TRANSPORTES","3.06","PAVIMENTO FLEXIBLE","3.06.08","FRESADO DE PAVIMENTO ASFALTICO EN ESPESOR DE 5 CM, INCLUYE ACARREO LIBRE DE 5 KM","M2","$183,73","$4.510,76"
"3","VIAS, PUENTES Y TRANSPORTES","3.06","PAVIMENTO FLEXIBLE","3.06.09","IMPRIMACIÓN CON EMULSIÓN ASFÁLTICA CRL-1H","M2","$413,34","$3.399,59"
"3","VIAS, PUENTES Y TRANSPORTES","3.06","PAVIMENTO FLEXIBLE","3.06.10","REPOSICIÓN, EXTENDIDA Y COMPACTACION DE MATERIAL DE BASE GRANULAR PARA REPARCHEO ACARREO LIBRE 5 KM","M3","$4.917,97","$104.037,3"
"3","VIAS, PUENTES Y TRANSPORTES","3.06","PAVIMENTO FLEXIBLE","3.06.11","RIEGO DE LIGA CON EMULSION ASFALTICA CRL-1H","M2","$361,50","$2.192,53"
"3","VIAS, PUENTES Y TRANSPORTES","3.06","PAVIMENTO FLEXIBLE","3.06.12","SELLO ARENA-ASFALTO CON EMULSION CRR-2","M2","$124,00","$4.668,73"
"3","VIAS, PUENTES Y TRANSPORTES","3.06","PAVIMENTO FLEXIBLE","3.06.13","SUMINISTRO E INSTALACION DE  ASFALTITA ESTABILIZADA Y HOMOGENIZADA CON GRAVILLA. ACARREO LIBRE 5 KM ( INCLUYE CAL VIVA O CEMENTO) SEGUN DISEÑO","M3","$28.209,73","$347.036,97"
"3","VIAS, PUENTES Y TRANSPORTES","3.06","PAVIMENTO FLEXIBLE","3.06.14","SUMINISTRO E INSTALACION DE SLURRY SEAL e= 0,4 cm.","M2","$5.061,01","$11.517,51"
"3","VIAS, PUENTES Y TRANSPORTES","3.06","PAVIMENTO FLEXIBLE","3.06.15","SUMINISTRO E INSTALACION DE SLURRY SEAL e= 0,6 cm.","M2","$5.061,01","$13.506,17"
"3","VIAS, PUENTES Y TRANSPORTES","3.06","PAVIMENTO FLEXIBLE","3.06.16","SUMINISTRO E INSTALACION DE SLURRY SEAL e= 0,9 cm.","M2","$5.061,01","$17.448,11"
"3","VIAS, PUENTES Y TRANSPORTES","3.06","PAVIMENTO FLEXIBLE","3.06.17","SUMINISTRO, INSTALACION Y COMPACTACION DE MEZCLA ASFALTICA PARA PARCHEO ( INCLUYE  ACARREO LIBRE DE 5 KM) (**)","M3","$84.713,89","$601.319,83"
"3","VIAS, PUENTES Y TRANSPORTES","3.07","PAVIMENTO ARTICULADO VEHICULAR","3.07.01","DILATACION ADOQUIN EN CONCRETO MONOCAPA COLOREADO 10*20*6 CMS (VEHICULAR)","ML","$8.164,44","$12.614,56"
"3","VIAS, PUENTES Y TRANSPORTES","3.07","PAVIMENTO ARTICULADO VEHICULAR","3.07.02","PAVIMENTO EN ADOQUIN DE CONCRETO  ""HUESO DE PERRO"" o ""I""  DIMENSIONES LONGITUD 50 - 250 MM  ANCHO 50 - 80 MM - ESPESOR 80 - 100 MM  (NORMA NTC 2017 - INVIAS) (VEHICULAR)","M2","$19.643,74","$74.286,93"
"3","VIAS, PUENTES Y TRANSPORTES","3.07","PAVIMENTO ARTICULADO VEHICULAR","3.07.03","PAVIMENTO EN ADOQUIN DE CONCRETO RECTANGULAR RECTO     DIMENSIONES LONGITUD 50 - 250 MM  ANCHO 50 - 80 MM - ESPESOR 80 - 100 MM ( NTC 2017 - INVIAS) (VEHICULAR)","M2","$31.429,97","$64.791,72"
"3","VIAS, PUENTES Y TRANSPORTES","3.08","SARDINELES Y ANDENES","3.08.01","BOLARDO M 60 CONCRETO","UND","$36.832,82","$127.600,45"
"3","VIAS, PUENTES Y TRANSPORTES","3.08","SARDINELES Y ANDENES","3.08.02","BOLARDO M 63 ALTO/HIERRO","UND","$24.555,22","$208.912,43"
"3","VIAS, PUENTES Y TRANSPORTES","3.08","SARDINELES Y ANDENES","3.08.03","BOLARDO M-61 BAJO/CONCRETO","UND","$24.555,22","$116.232,85"
"3","VIAS, PUENTES Y TRANSPORTES","3.08","SARDINELES Y ANDENES","3.08.04","BOLARDO M-62 BAJO/HIERRO","UND","$36.832,82","$239.289,42"
"3","VIAS, PUENTES Y TRANSPORTES","3.08","SARDINELES Y ANDENES","3.08.05","BORDE CONTENEDOR DE RAICES A-70","ML","$24.555,22","$61.411,56"
"3","VIAS, PUENTES Y TRANSPORTES","3.08","SARDINELES Y ANDENES","3.08.06","BORDE SEPARADOR VERDE A-170","ML","$12.277,60","$180.155,77"
"3","VIAS, PUENTES Y TRANSPORTES","3.08","SARDINELES Y ANDENES","3.08.07","BORDE SEPARADOR VERDE A-170 incluye transporte","ML","$12.277,60","$185.031,66"
"3","VIAS, PUENTES Y TRANSPORTES","3.08","SARDINELES Y ANDENES","3.08.08","BORDILLO DE 8 X 15 CM FUNDIDO EN CONCRETO","ML","$13.505,37","$19.032,83"
"3","VIAS, PUENTES Y TRANSPORTES","3.08","SARDINELES Y ANDENES","3.08.09","BORDILLO FUNDIDO EN SITIO 20 X 35 CM","ML","$19.398,62","$56.443,27"
"3","VIAS, PUENTES Y TRANSPORTES","3.08","SARDINELES Y ANDENES","3.08.10","CAÑUELA PREFABRICADA TIPO A - A120","ML","$18.416,42","$53.161,19"
"3","VIAS, PUENTES Y TRANSPORTES","3.08","SARDINELES Y ANDENES","3.08.11","CONSTRUCCION DE ANDENES EN CONCRETO DE 17.5 MPa -  (2500 PSI)","M3","$26.873,75","$520.761,11"
"3","VIAS, PUENTES Y TRANSPORTES","3.08","SARDINELES Y ANDENES","3.08.12","CONSTRUCCION DE SARDINELES EN CONCRETO DE 17.5 MPa -  (2500 PSI) H:40CM, E:20 CM","M3","$103.334,46","$596.851,28"
"3","VIAS, PUENTES Y TRANSPORTES","3.08","SARDINELES Y ANDENES","3.08.13","LOSETA PREFABRICA A-20","M2","$14.733,13","$81.152,04"
"3","VIAS, PUENTES Y TRANSPORTES","3.08","SARDINELES Y ANDENES","3.08.14","LOSETA PREFABRICA A-40","M2","$17.188,65","$83.220,07"
"3","VIAS, PUENTES Y TRANSPORTES","3.08","SARDINELES Y ANDENES","3.08.15","LOSETA PREFABRICA A-60","M2","$14.733,13","$61.073,88"
"3","VIAS, PUENTES Y TRANSPORTES","3.08","SARDINELES Y ANDENES","3.08.16","LOSETA PREFABRICA A-50","M2","$12.277,60","$60.566,02"
"3","VIAS, PUENTES Y TRANSPORTES","3.08","SARDINELES Y ANDENES","3.08.17","RAMPA B-5","UND","$171.886,54","$644.319,73"
"3","VIAS, PUENTES Y TRANSPORTES","3.08","SARDINELES Y ANDENES","3.08.18","SUMINISTRO E INSTALACION DE BORDILLO PREFABRICADO A-80","ML","$11.786,51","$43.536,07"
"3","VIAS, PUENTES Y TRANSPORTES","3.08","SARDINELES Y ANDENES","3.08.19","SUMINISTRO E INSTALACION DE SARDINEL PREFABRICADO A-10, INCLUYE MORTERO DE PEGA SEGUN NORMA NTC-4109","ML","$8.266,75","$51.795,77"
"3","VIAS, PUENTES Y TRANSPORTES","3.08","SARDINELES Y ANDENES","3.08.20","SUMINISTRO E INSTALACIÓN LOSETA PODOTÁCTIL GUÍA (LÍNEAS) 40*40 CM","M2","$12.277,60","$72.638,52"
"3","VIAS, PUENTES Y TRANSPORTES","3.08","SARDINELES Y ANDENES","3.08.21","SUMINISTRO E INSTALACIÓN LOSETA PODOTÁCTIL ALERTA (PUNTOS) 40*40 CM","M2","$12.277,60","$75.763,52"
"3","VIAS, PUENTES Y TRANSPORTES","3.09","SEÑALIZACION Y DEMARCACION","3.09.01","BORRADO DE LINEA DE 12 CMS SEGUN NORMA INVIAS","ML","$2.704,11","$3.074,77"
"3","VIAS, PUENTES Y TRANSPORTES","3.09","SEÑALIZACION Y DEMARCACION","3.09.02","CAPTAFAROS","UND","$1.355,60","$18.763,41"
"3","VIAS, PUENTES Y TRANSPORTES","3.09","SEÑALIZACION Y DEMARCACION","3.09.03","ESTOPEROLES D=10 CM H=25 CMS","UND","$1.619,74","$6.539,39"
"3","VIAS, PUENTES Y TRANSPORTES","3.09","SEÑALIZACION Y DEMARCACION","3.09.04","MARCAS VIALES CON PINTURA DE TRAFICO SEGUN NORMA INVIAS Y DISEÑO (INCLUYE MICROESFERAS)","M2","$14.118,87","$51.709,5"
"3","VIAS, PUENTES Y TRANSPORTES","3.09","SEÑALIZACION Y DEMARCACION","3.09.05","SEÑALES DE TRANSITO 0.90*1.13  MTS  (INFORMATIVAS) SEGUN NORMA INVIAS","UND","$43.925,99","$522.397,19"
"3","VIAS, PUENTES Y TRANSPORTES","3.09","SEÑALIZACION Y DEMARCACION","3.09.06","SEÑALES DE TRANSITO DIMENSIONES 60*75 CMS (DELINEADORES DE CURVA) SEGÚN NORMA INVIAS","UND","$21.835,16","$225.587,71"
"3","VIAS, PUENTES Y TRANSPORTES","3.09","SEÑALIZACION Y DEMARCACION","3.09.07","SUMINISTRO E INSTALACION DE DEFENSAS VIALES TRAMO RECTO DE 3.81 MTS, CAL. 12. 2 POSTES DE 1.50  mts. Y TERMINALES INCLUYENDO TORNILLERIA, CAPTA- FAROS EN LAMINA GALVANIZADA CAL. 22 EN CINTA REFLECTIVA GRAD. INGENIERIA SEGUN NORMA INVIAS","ML","$8.266,75","$188.559,22"
"3","VIAS, PUENTES Y TRANSPORTES","3.09","SEÑALIZACION Y DEMARCACION","3.09.08","SUMINISTRO E INSTALACION DE DELINEADORES DE CURVA HORIZONTAL DE TAMAÑO 40*50 cm. SEGUN NORMA INVIAS","UND","$24.555,22","$234.032,98"
"3","VIAS, PUENTES Y TRANSPORTES","3.09","SEÑALIZACION Y DEMARCACION","3.09.09","SUMINISTRO E INSTALACION DE POSTES DE REFERENCIA","UND","$25.305,06","$141.868,87"
"3","VIAS, PUENTES Y TRANSPORTES","3.09","SEÑALIZACION Y DEMARCACION","3.09.10","SUMINISTRO E INSTALACION DE SEÑALES REGLAMENTARIAS 60 x 60 CM","UND","$24.555,22","$350.990,44"
"3","VIAS, PUENTES Y TRANSPORTES","3.09","SEÑALIZACION Y DEMARCACION","3.09.11","SUMINISTRO E INSTALACION DE SEÑALES REGLAMENTARIAS 75 x 75 CM","UND","$24.555,22","$341.386,32"
"3","VIAS, PUENTES Y TRANSPORTES","3.09","SEÑALIZACION Y DEMARCACION","3.09.12","SUMINISTRO E INSTALACION DE SEÑALES REGLAMENTARIAS 90 x 90 CM","UND","$24.555,22","$370.010,77"
"3","VIAS, PUENTES Y TRANSPORTES","3.09","SEÑALIZACION Y DEMARCACION","3.09.13","SUMINISTRO E INSTALACION DE TACHAS REFLECTIVAS UNIDIRECCIONALES Y  BIDIRECCIONALES","UND","$1.524,45","$8.040,18"
"3","VIAS, PUENTES Y TRANSPORTES","3.09","SEÑALIZACION Y DEMARCACION","3.09.14","SUMINISTRO E INSTALACION SEÑAL VIAL INFORMATIVA, TAMAÑO 2m x 50 cm con soporte en H SEGÚN NORMA INVIAS","UND","$24.555,22","$489.290,35"
"3","VIAS, PUENTES Y TRANSPORTES","3.09","SEÑALIZACION Y DEMARCACION","3.09.15","SUMINISTRO E INSTALACION SEÑAL VIAL PREVENTIVA, TAMAÑO 75*75 cm. SEGUN NORMA INVIAS","UND","$24.555,22","$245.332,02"
"3","VIAS, PUENTES Y TRANSPORTES","3.09","SEÑALIZACION Y DEMARCACION","3.09.16","SUMINISTRO E INSTALACION SEÑAL VIAL REGLAMENTARIA, DIAMETRO 75 cm. SEGÚN NORMA INVIAS","UND","$24.555,22","$317.036,35"
"3","VIAS, PUENTES Y TRANSPORTES","3.09","SEÑALIZACION Y DEMARCACION","3.09.17","SUMINISTRO Y APLICACION DE PINTURA ACRILICA CON MICROESFERAS, LINEAS CONTINUAS Y DISCONTINUAS DE 12 CMS SEGUN NORMA INVIAS","ML","$214,99","$2.328,25"
"3","VIAS, PUENTES Y TRANSPORTES","3.1","PUENTES","3.10.01","CONCRETO DE 21 MPa - (3000 P.S.I)  PARA BARANDAS, INCLUYE REFUERZO ,  SEGUN INVIAS","M3","$268.737,49","$1.749.674,79"
"3","VIAS, PUENTES Y TRANSPORTES","3.1","PUENTES","3.10.02","CONCRETO DE 28 MPa - (4000 PSI) PARA PLACAS Y VIGAS , LONGITUD  MAYOR A 14 M.","M3","$337.027,43","$1.017.236,07"
"3","VIAS, PUENTES Y TRANSPORTES","3.1","PUENTES","3.10.03","CONCRETO DE 28 MPa - (4000 PSI) PARA PLACAS Y VIGAS , LONGITUD DE 0 A 7.0 Mts.","M3","$254.168,43","$890.417,74"
"3","VIAS, PUENTES Y TRANSPORTES","3.1","PUENTES","3.10.04","CONCRETO DE 28 MPa - (4000 PSI) PARA PLACAS Y VIGAS , LONGITUD DE 7,1 A 14.0 Mts.","M3","$336.809,22","$983.390,23"
"3","VIAS, PUENTES Y TRANSPORTES","3.1","PUENTES","3.10.05","GUARDARUEDAS EN CONCRETO 28 MPA (4000 PSI) FUNDIDA EN SITIO, (NO INCLUYE REFUERZO)","M3","$80.059,11","$695.107,88"
"3","VIAS, PUENTES Y TRANSPORTES","3.1","PUENTES","3.10.06","SELLADO DE JUNTAS EN PAVIMENTO DE CONCRETO HIDRAULICO (INCLUYE LIMPIEZA, SUMINISTRO E INSTALCION DE FONDO Y SELLANTE)","ML","$9.822,09","$12.119,25"
"3","VIAS, PUENTES Y TRANSPORTES","3.1","PUENTES","3.10.07","SUMINISTRO E INSTALACION  DE BARANDAS EN TUBERÍA METÁLICA AGUA NEGRA D=2"", C. 0.80,   SOLDADO,  SEGUN DISEÑO, INCLUYE ANTICORROSIVO Y PINTURA.","ML","$172.702,58","$331.577,11"
"3","VIAS, PUENTES Y TRANSPORTES","3.1","PUENTES","3.10.08","SUMINISTRO E INSTALACION DE APOYOS DE NEOPRENO . DUREZA 75, E= 1/4""","M2","$41.374,91","$331.974,44"
"3","VIAS, PUENTES Y TRANSPORTES","3.1","PUENTES","3.10.09","SUMINISTRO E INSTALACION DE DESAGUES EN TUBERIA SANITARIA PVC D=3""","ML","$7.230,02","$25.601,82"
"3","VIAS, PUENTES Y TRANSPORTES","3.1","PUENTES","3.10.10","SUMINISTRO E INSTALACION DE JUNTAS DE DILATACION EN ANGULO DE 3""x3""x3/8"", INCLUYE HIERRO DE ANCLAJE, CINTA SIKA O-22","ML","$208.852,67","$432.582,97"
"3","VIAS, PUENTES Y TRANSPORTES","3.1","PUENTES","3.10.11","SUMINISTRO FIGURADO Y ARMADO DE ACERO DE REFUERZO  37000 PSI 240 MPA","kg","$833,09","$4.170,69"
"3","VIAS, PUENTES Y TRANSPORTES","3.1","PUENTES","3.10.12","SUMINISTRO FIGURADO Y ARMADO DE ACERO DE REFUERZO  60000 PSI 420 MPA","kg","$1.004,41","$4.427,28"
"3","VIAS, PUENTES Y TRANSPORTES","3.11","MANTENIMIENTO","3.11.01","CUNETEO Y PERFILADO DE LA BANCA EXISTENTE ( EN MANTENIMIENTO VIAL)","km","$0,00","$628,4"
"3","VIAS, PUENTES Y TRANSPORTES","3.11","MANTENIMIENTO","3.11.02","ESCARIFICACION, MEZCLADO, CONFORMACION Y COMPACTACION DE SUBBASE Y/O BASE","km","$72.300,17","$6.086.507,61"
"3","VIAS, PUENTES Y TRANSPORTES","3.11","MANTENIMIENTO","3.11.03","LIMPIEZA DE ALCANTARILLAS CON DIAMETRO MENOR O IGUAL A 36"", INCLUYE RECTIFICACION DE DESCOLES CON RETIRO DE SOBRANTES Y OBSTACULOS ACARREO LIBRE DE 5 KM","UND","$216.900,51","$224.058,23"
"3","VIAS, PUENTES Y TRANSPORTES","3.11","MANTENIMIENTO","3.11.04","LIMPIEZA DE CUNETAS EN TIERRA CON RECTIFICACION DE SALIDAS Y DESCOLES, INCLUYE RETIRO DE SOBRANTES FUERADE LA ZONA DE LA VIA ( INCLUYE ACARREO LIBRE DE 5 KM)","ML","$5.422,51","$5.601,45"
"3","VIAS, PUENTES Y TRANSPORTES","3.11","MANTENIMIENTO","3.11.05","LIMPIEZA DE CUNETAS REVESTIDAS CON  RECTIFICACION DE SALIDAS Y DESCOLES,INCLUYE RETIRO DE SOBRANTES FUERA DE LA ZONA DE VIA ( INCLUYE ACARREO LIBRE DE 5 KM)","ML","$2.711,26","$2.800,73"
"3","VIAS, PUENTES Y TRANSPORTES","3.11","MANTENIMIENTO","3.11.06","LIMPIEZA DE PONTONES Y BOX COULVERT, INCLUYE RECTIFICACION DE DESCOLES CON RETIRO DE SOBRANTES Y OBSTACULOS ACARREO LIBRE DE 5 KM","UN","$255.183,45","$263.604,5"
"3","VIAS, PUENTES Y TRANSPORTES","3.11","MANTENIMIENTO","3.11.07","ROCERIA A CADA LA LADO DE LA VIA Y/0 ZONAS NECESARIAS PARA BUENA VISIBILIDAD","HA","$251.604,59","$485.725,59"
"3","VIAS, PUENTES Y TRANSPORTES","3.12","TRANSPORTE","3.12.01","CARGUE Y TRANSPORTE DE MATERIALES SUELTOS, PRODUCTO DE SOBRANTES Y/O DERRUMBES (INCLUYE ACARREO LIBRE )","M3","$0,00","$4.902,53"
"3","VIAS, PUENTES Y TRANSPORTES","3.12","TRANSPORTE","3.12.02","TRANSPORTE DE MATERIAL SUELTO","M3-km","$0,00","$1,325"
"3","VIAS, PUENTES Y TRANSPORTES","3.12","TRANSPORTE","3.12.03","TRANSPORTE DE MATERIAL DE AFIRMADO Y/O GRANULAR DESPUÉS DE 5 KM (INSTALADO  Y COMPACTADO SEGÚN SECCIÓN DE DISEÑO).","M3-km","$0,00","$1.656,25"
"3","VIAS, PUENTES Y TRANSPORTES","3.12","TRANSPORTE","3.12.04","TRANSPORTE DE MATERIALES MEDIDOS EN BANCO PRODUCTO DE EXCAVACIONES DE CORTES, CANALES Y PRESTAMOS.","M3","$0,00","$1.656,25"
"3","VIAS, PUENTES Y TRANSPORTES","3.12","TRANSPORTE","3.12.05","TRANSPORTE DE MEZCLA ASFALTICA DESPUES DE 5 KM, (INSTALADO Y COMPACTADO SEGÚN SECCIÓN DE DISEÑO).","M3-km","$0,00","$1.921,25"
"3","VIAS, PUENTES Y TRANSPORTES","3.12","TRANSPORTE","3.12.06","TRANSPORTE ESTRUCTURA METALICA DISTANCIA HASTA 100 KM","kg","$0,00","$146,18"
"3","VIAS, PUENTES Y TRANSPORTES","3.13","VARIOS","3.13.01","ACERO DE PREESFUERZO","ton-m","$403,11","$2.244,25"
"3","VIAS, PUENTES Y TRANSPORTES","3.13","VARIOS","3.13.02","ANCLAJE EN ROCA DE D=4"" CON 3 TORONES DE 1/2"" POSTENSADOS","ton-m","$20.663,39","$501.977,71"
"3","VIAS, PUENTES Y TRANSPORTES","3.13","VARIOS","3.13.03","BASE ACAMPANADA DE PILOTES INCLUYE REFUERZO SEGUN NORMA INVIAS","M3","$364.774,03","$1.506.371,22"
"3","VIAS, PUENTES Y TRANSPORTES","3.13","VARIOS","3.13.04","BOLSACRETO, INCLUYE SUMINISTRO E INSTALACION","M3","$44.948,80","$522.652,68"
"3","VIAS, PUENTES Y TRANSPORTES","3.13","VARIOS","3.13.05","CAMISA PERMANENTE DE DIAMETRO INTERIOR 1 M EN CONCRETO CLASE D 21 MPA (3000 PSI) ESPESOR 0.20 m","ML","$42.629,70","$232,49"
"3","VIAS, PUENTES Y TRANSPORTES","3.13","VARIOS","3.13.06","CERCA DE ALAMBRE DE PUAS CON POSTES DE CONCRETO PREFABRICADO 10 X 10 CM X 1.80 M  210 KG/CM2  5 LINEAS. DISTANCIA ENTRE POSTES 2 M","ML","$18.092,38","$37.549,85"
"3","VIAS, PUENTES Y TRANSPORTES","3.13","VARIOS","3.13.07","CERCA DE ALAMBRE DE PUAS CON POSTES DE MADERA INMUNIZADA D= 9 - 10 CM  H=1.50 M  5 LINEAS. DISTANCIA ENTRE POSTES 2 M","ML","$17.188,65","$31.266,08"
"3","VIAS, PUENTES Y TRANSPORTES","3.13","VARIOS","3.13.08","CERCA DE MALLA ESLABONADA H=1.80 M CALIBRE 10.5 BWG  CON POSTES DE CONCRETO PREFABRICADO 10 X 10 CM X 1.80 M  210 KG/CM2 (3000 PSI)","ML","$18.255,41","$45.340,62"
"3","VIAS, PUENTES Y TRANSPORTES","3.13","VARIOS","3.13.09","CERRAMIENTO EN VARA ROLLIZA Y LONA H=1.50 M . DISTANCIA ENTRE POSTES 2 M","ML","$10.077,77","$41.795,16"
"3","VIAS, PUENTES Y TRANSPORTES","3.13","VARIOS","3.13.10","CINTA SIKA  PVC. V=0.10","ML","$982,19","$13.649,3"
"3","VIAS, PUENTES Y TRANSPORTES","3.13","VARIOS","3.13.11","CINTA SIKA  PVC. V=0.15","ML","$1.100,05","$23.198,05"
"3","VIAS, PUENTES Y TRANSPORTES","3.13","VARIOS","3.13.12","CINTA SIKA  PVC. V=0.22","ML","$1.158,98","$35.571"
"3","VIAS, PUENTES Y TRANSPORTES","3.13","VARIOS","3.13.13","CONSTRUCCION JUNTAS ELASTOMERICAS DE 30 CMS DE ANCHO  SEGUN INVIAS PRUEBA NORMA ASTM D-4014","ML","$242.818,99","$846.842,57"
"3","VIAS, PUENTES Y TRANSPORTES","3.13","VARIOS","3.13.14","CORTE DE PAVIMENTO ASFÁLTICO","ML","$2.892,01","$4.215,74"
"3","VIAS, PUENTES Y TRANSPORTES","3.13","VARIOS","3.13.15","DEMOLICION  OBRAS EN CONCRETO REFORZADO, INCLUYE RETIRO DE SOBRANTES","M3","$170.518,83","$368.860,2"
"3","VIAS, PUENTES Y TRANSPORTES","3.13","VARIOS","3.13.16","DEMOLICION OBRAS EN CONCRETO SIMPLE, INCLUYE RETIRO DE SOBRANTES  (ACARREO lIBRE 5 Km.)","M3","$154.230,69","$212.974,22"
"3","VIAS, PUENTES Y TRANSPORTES","3.13","VARIOS","3.13.17","DEMOLICION PAVIMENTO ASFALTICO E<=10 CMS(INCLUYE CARGUE Y TRANSPORTE HASTA 5 KM)","M2","$2.168,96","$21.447,25"
"3","VIAS, PUENTES Y TRANSPORTES","3.13","VARIOS","3.13.18","DEMOLICION PISOS, ANDENES EN CONCRETO HASTA E= 12 CM INCLUYE RETIRO","M2","$993,10","$17.512,44"
"3","VIAS, PUENTES Y TRANSPORTES","3.13","VARIOS","3.13.19","DESMONTE Y REINSTALACION DE SEÑALES VIALES (INCLUYE DADO DE ANCLAJE)","UND","$39.178,36","$46.423,31"
"3","VIAS, PUENTES Y TRANSPORTES","3.13","VARIOS","3.13.20","EMPRADIZACION DE TALUDES CON BLOQUES DE CESPED SEGUN NORMA INVIAS","M2","$4.106,65","$17.748,23"
"3","VIAS, PUENTES Y TRANSPORTES","3.13","VARIOS","3.13.21","EMPRADIZACION DE TALUDES CON TIERRA ORGANICA Y SEMILLAS","M2","$19.441,52","$31.983,47"
"3","VIAS, PUENTES Y TRANSPORTES","3.13","VARIOS","3.13.22","SUMINISTRO, TRANSPORTE, FABRICACIÓN, ENSAMBLAJE Y MONTAJE DE ESTRUCTURA METALICA","kg","$5.598,29","$17.935,72"
"3","VIAS, PUENTES Y TRANSPORTES","3.13","VARIOS","3.13.23","IMPRIMACION CON SIKADUR 32 O SIMILAR","M2","$7.229,86","$56.808,21"
"3","VIAS, PUENTES Y TRANSPORTES","3.13","VARIOS","3.13.24","MALLA ELECTROSOLDADA 0.15 X 0.15 M D= 4MM (INCLUYE SUMINISTRO FIJACION E INSTALACION)","kg","$736,66","$4.706"
"3","VIAS, PUENTES Y TRANSPORTES","3.13","VARIOS","3.13.25","MALLA ELECTROSOLDADA 0.15 X 0.15 M D= 5MM (INCLUYE SUMINISTRO FIJACION E INSTALACION)","kg","$736,66","$4.825,37"
"3","VIAS, PUENTES Y TRANSPORTES","3.13","VARIOS","3.13.26","MALLA ELECTROSOLDADA 0.15 X 0.15 M D= 6MM (INCLUYE SUMINISTRO FIJACION E INSTALACION)","kg","$736,66","$4.668,59"
"3","VIAS, PUENTES Y TRANSPORTES","3.13","VARIOS","3.13.27","MALLA ELECTROSOLDADA 0.15 X 0.15 M D= 7MM (INCLUYE SUMINISTRO FIJACION E INSTALACION)","kg","$736,66","$4.671,59"
"3","VIAS, PUENTES Y TRANSPORTES","3.13","VARIOS","3.13.28","MALLA ELECTROSOLDADA 0.15 X 0.15 M D= 8MM (INCLUYE SUMINISTRO FIJACION E INSTALACION)","kg","$736,66","$4.713,69"
"3","VIAS, PUENTES Y TRANSPORTES","3.13","VARIOS","3.13.29","MALLA ELECTROSOLDADA 0.20X0.20 M D04 MM (INCLUYE SUMINISTRO, FIJACION E INSTALACION)","kg","$834,88","$4.578,43"
"3","VIAS, PUENTES Y TRANSPORTES","3.13","VARIOS","3.13.30","MALLA ELECTROSOLDADA 0.25X0.25 M D04 MM (INCLUYE SUMINISTRO, FIJACION E INSTALACION)","kg","$834,88","$4.578,43"
"3","VIAS, PUENTES Y TRANSPORTES","3.13","VARIOS","3.13.31","PILOTE D=40 CM  CONCRETO 21MPa - (3000 PSI) NO INCLUYE REFUERZO  (INCL. EXCAVACIÓN, CARGUE Y RETIRO DE SOBRANTES, MOVILIZACIÓN, MONTAJE Y DESMONTAJE EQUIPO)","ML","$85.996,00","$317.027,35"
"3","VIAS, PUENTES Y TRANSPORTES","3.13","VARIOS","3.13.32","PILOTE D=50 CM  CONCRETO 21MPa - (3000 PSI) NO INCLUYE REFUERZO  (INCL. EXCAVACIÓN, CARGUE Y RETIRO DE SOBRANTES, MOVILIZACIÓN, MONTAJE Y DESMONTAJE EQUIPO)","ML","$91.889,11","$375.904,69"
"3","VIAS, PUENTES Y TRANSPORTES","3.13","VARIOS","3.13.33","PILOTE D=60 CM  CONCRETO 21MPa - (3000 PSI) NO INCLUYE REFUERZO  (INCL. EXCAVACIÓN, CARGUE Y RETIRO DE SOBRANTES, MOVILIZACIÓN, MONTAJE Y DESMONTAJE EQUIPO)","ML","$112.869,74","$463.566,2"
"3","VIAS, PUENTES Y TRANSPORTES","3.13","VARIOS","3.13.34","PINTURA DE LA ESTRUCTURA METALICA","kg","$489,81","$2.981,73"
"3","VIAS, PUENTES Y TRANSPORTES","3.13","VARIOS","3.13.35","PLANTACIÓN DE ARBOLES PAISAJISTICOS ALTURA MINIMA 1.20 MTS","UND","$20.244,05","$42.833,81"
"3","VIAS, PUENTES Y TRANSPORTES","3.13","VARIOS","3.13.36","RELLENO PARA REDES EN ARENA DE PEÑA (SUMINISTRO, EXTENDIDO, UMEDECIMIENTO Y COMPACTACION)","M3","$13.437,02","$105.811,37"
"3","VIAS, PUENTES Y TRANSPORTES","3.13","VARIOS","3.13.37","RELLENO PARA REDES EN GRAVILLA DE 3/4 , 1/2 (SUMINISTRO, EXTENDIDO, UMEDECIMIENTO Y COMPACTACION)","M3","$8.270,30","$102.396,31"
"3","VIAS, PUENTES Y TRANSPORTES","3.13","VARIOS","3.13.38","SANDBLASTING Y PINTURA DE ESTRUCTURA METALICA","kg","$745,94","$1.415,74"
"3","VIAS, PUENTES Y TRANSPORTES","3.13","VARIOS","3.13.39","SELLADO DE JUNTAS EN PAVIMENTO FLEXIBLE (INCLUYE LIMPIEZA, SUMINISTRO E INSTALACION DE FONDO Y EMULSION ASFALTICA CRR-1)","ML","$10.067,64","$10.799,29"
"3","VIAS, PUENTES Y TRANSPORTES","3.13","VARIOS","3.13.40","SELLOS PARA JUNTA DE PUENTE SEGUN NORMA  INVIAS","ML","$1.446,00","$35.847,79"
"3","VIAS, PUENTES Y TRANSPORTES","3.13","VARIOS","3.13.41","SEPARADOR ``NEW JERSEY`` BIDIRECCIONAL 1.5 X 0.6 M X 1.1 M (PREFABRICADO, INCLUYE SUMINISTRO E INSTALACION, NO INCLUYE MATERIAL DE BASE","ML","$13.437,02","$303.251,73"
"3","VIAS, PUENTES Y TRANSPORTES","3.13","VARIOS","3.13.42","SEPARADOR ``NEW JERSEY`` MONODIRECCIONAL 1 X 0.6 M (PREFABRICADO, INCLUYE SUMINISTRO E INSTALACION, NO INCLUYE MATERIAL DE BASE","ML","$9.822,09","$248.459,86"
"3","VIAS, PUENTES Y TRANSPORTES","3.13","VARIOS","3.13.43","SUMINISTRO E INSTALACION APOYOS ELASTOMERICOS DE NEOPRENO 35CM*45CM*5CM DUREZA 60","UND","$2.263,00","$459.718,11"
"3","VIAS, PUENTES Y TRANSPORTES","3.13","VARIOS","3.13.44","SUMINISTRO E INSTALACION DE GEOMALLA CON RESISTENCIA ULTIMA 112.6/24.4 KN/M","M2","$2.701,07","$21.248,19"
"3","VIAS, PUENTES Y TRANSPORTES","3.13","VARIOS","3.13.45","SUMINISTRO E INSTALACION DE GEOMALLA CON RESISTENCIA ULTIMA 178,5/53,9 KN/M","M2","$2.701,07","$29.309,99"
"3","VIAS, PUENTES Y TRANSPORTES","3.13","VARIOS","3.13.46","SUMINISTRO E INSTALACION DE GEOMALLA CON RESISTENCIA ULTIMA A 25 KN/M","M2","$2.701,07","$11.745,77"
"3","VIAS, PUENTES Y TRANSPORTES","3.13","VARIOS","3.13.47","SUMINISTRO E INSTALACION DE GEOTEXTIL NO TEJIDO CON RESISTENCIA  A LA TENSION ELONGACION DE 570 N PARA PAVIMENTACION Y REPAVIMENTACION","M2","$1.215,48","$6.494,88"
"3","VIAS, PUENTES Y TRANSPORTES","3.13","VARIOS","3.13.48","SUMINISTRO E INSTALACION DE GEOTEXTIL NO TEJIDO CON RESISTENCIA A LA TENSION ELONGACION DE 530 N PARA PAVIMENTACION Y REPAVIMENTACION","M2","$1.215,48","$5.992,98"
"3","VIAS, PUENTES Y TRANSPORTES","3.13","VARIOS","3.13.49","SUMINISTRO E INSTALACION DE GEOTEXTIL NT 1600 PARA SEPARACION SUBRASANTE/CAPAS GRANULARES Y/O SUBDRENES/FILTROS","M2","$1.215,48","$4.570,23"
"3","VIAS, PUENTES Y TRANSPORTES","3.13","VARIOS","3.13.50","SUMINISTRO E INSTALACION DE GEOTEXTIL NT 1800 PARA SEPARACION SUBRASANTE/CAPAS GRANULARES Y/O SUBDRENES/FILTROS","M2","$1.215,48","$6.480,18"
"3","VIAS, PUENTES Y TRANSPORTES","3.13","VARIOS","3.13.51","SUMINISTRO E INSTALACION DE GEOTEXTIL NT 2000 PARA SEPARACION SUBRASANTE/CAPAS GRANULARES Y/O SUBDRENES/FILTROS","M2","$1.215,48","$7.194,88"
"3","VIAS, PUENTES Y TRANSPORTES","3.13","VARIOS","3.13.52","SUMINISTRO E INSTALACION DE GEOTEXTIL NT 2500 PARA SEPARACION SUBRASANTE/CAPAS GRANULARES Y/O SUBDRENES/FILTROS","M2","$1.215,48","$7.314,33"
"3","VIAS, PUENTES Y TRANSPORTES","3.13","VARIOS","3.13.53","SUMINISTRO E INSTALACION DE GEOTEXTIL NT 3000 PARA SEPARACION SUBRASANTE/CAPAS GRANULARES Y/O SUBDRENES/FILTROS","M2","$1.215,48","$8.712,76"
"3","VIAS, PUENTES Y TRANSPORTES","3.13","VARIOS","3.13.54","SUMINISTRO E INSTALACIÓN DE GEOTEXTIL NT 4000 PARA ESTABILIZACIÓN DE SUBRASANTES/CAPAS- SEPARACION SUBRASANTE/CAPAS GRANULARES Y/O SUBDRENES/FILTROS","M2","$1.215,48","$10.240,18"
"3","VIAS, PUENTES Y TRANSPORTES","3.13","VARIOS","3.13.55","SUMINISTRO E INSTALACIÓN DE GEOTEXTIL NT 5000 PARA ESTABILIZACIÓN DE SUBRASANTES/CAPAS- SEPARACION SUBRASANTE/CAPAS GRANULARES Y/O SUBDRENES/FILTROS","M2","$1.215,48","$14.439,18"
"3","VIAS, PUENTES Y TRANSPORTES","3.13","VARIOS","3.13.56","SUMINISTRO E INSTALACIÓN DE GEOTEXTIL NT 6000 PARA ESTABILIZACIÓN DE SUBRASANTES/CAPAS- SEPARACION SUBRASANTE/CAPAS GRANULARES Y/O SUBDRENES/FILTROS","M2","$1.215,48","$16.338,63"
"3","VIAS, PUENTES Y TRANSPORTES","3.13","VARIOS","3.13.57","SUMINISTRO E INSTALACION DE GEOTEXTIL NT 7000 PARA ESTABILIZACIONSUBRASANTES/CAPAS- SEPARACION SUBRASANTE/CAPAS GRANULARES Y/O SUBDRENES/FILTROS","M2","$1.215,48","$20.171,13"
"3","VIAS, PUENTES Y TRANSPORTES","3.13","VARIOS","3.13.58","SUMINISTRO E INSTALACION DE GEOTEXTIL T, RESIST ULTIMA A LA ROTURA  (TIRA ANCHA)=110 KN/M PARA ESTABILIZACION SUBRASANTE/CAPAS - SEPARACION SUBRASANTE/CAPAS GRANULARES Y/O SUBDRENES/FILTROS","M2","$1.215,48","$16.783,85"
"3","VIAS, PUENTES Y TRANSPORTES","3.13","VARIOS","3.13.59","SUMINISTRO E INSTALACION DE GEOTEXTIL T, RESIST ULTIMA A LA ROTURA (TIRA ANCHA)=45.2 KN/M PARA ESTABILIZACION SUBRASANTE/CAPAS - SEPARACION SUBRASANTE/CAPAS GRANULARES Y/O SUBDRENES/FILTROS","M2","$1.215,48","$8.310,24"
"3","VIAS, PUENTES Y TRANSPORTES","3.13","VARIOS","3.13.60","SUMINISTRO E INSTALACION DE GEOTEXTIL T, RESIST ULTIMA A LA ROTURA (TIRA ANCHA)=69 KN/M PARA ESTABILIZACION SUBRASANTE/CAPAS - SEPARACION SUBRASANTE/CAPAS GRANULARES Y/O SUBDRENES/FILTROS","M2","$1.215,48","$12.199,46"
"3","VIAS, PUENTES Y TRANSPORTES","3.13","VARIOS","3.13.61","SUMINISTRO E INSTALACION DE GEOTEXTIL T, RESIST ULTIMA A LA ROTURA(TIRA ANCHA)=33.8 KN/M PARA SEPARACION SUBRASANTE/CAPAS GRANULARES Y/O SUBDRENES/FILTROS","M2","$1.215,48","$7.339,66"
"4","GASODUCTOS","4.01","GASODUCTOS","4.01.01","CONEXIÓN GAS ESTANDAR (ACOMETIDA Y MEDIDOR)","UND","$41.922,58","$336.434,36"
"4","GASODUCTOS","4.01","GASODUCTOS","4.01.02","SUMINISTRO E INSTALACION DE TUBERIA DE POLIETILENO DE 1/2`` EN ANDEN TABLETA","ML","$30.509,86","$63.339,16"
"4","GASODUCTOS","4.01","GASODUCTOS","4.01.03","SUMINISTRO E INSTALACION DE TUBERIA DE POLIETILENO DE 1/2`` EN ASFALTO","ML","$4.726,88","$83.174,08"
"4","GASODUCTOS","4.01","GASODUCTOS","4.01.04","SUMINISTRO E INSTALACION DE TUBERIA DE POLIETILENO DE 1/2`` EN CONCRETO","ML","$4.726,88","$88.495,41"
"4","GASODUCTOS","4.01","GASODUCTOS","4.01.05","SUMINISTRO E INSTALACION DE TUBERIA DE POLIETILENO DE 1/2`` EN ZONA VERDE","ML","$21.915,53","$43.424,81"
"4","GASODUCTOS","4.01","GASODUCTOS","4.01.06","SUMINISTRO E INSTALACION DE TUBERIA DE POLIETILENO DE 1`` EN ANDEN TABLETA","ML","$30.509,86","$65.516,53"
"4","GASODUCTOS","4.01","GASODUCTOS","4.01.07","SUMINISTRO E INSTALACION DE TUBERIA DE POLIETILENO DE 1`` EN ASFALTO","ML","$4.726,88","$84.102,1"
"4","GASODUCTOS","4.01","GASODUCTOS","4.01.08","SUMINISTRO E INSTALACION DE TUBERIA DE POLIETILENO DE 1`` EN CONCRETO","ML","$4.726,88","$91.372,95"
"4","GASODUCTOS","4.01","GASODUCTOS","4.01.09","SUMINISTRO E INSTALACION DE TUBERIA DE POLIETILENO DE 1`` EN ZONA VERDE","ML","$21.915,53","$45.327,59"
"4","GASODUCTOS","4.01","GASODUCTOS","4.01.10","SUMINISTRO E INSTALACION DE TUBERIA DE POLIETILENO DE 2`` EN ANDEN TABLETA","ML","$30.509,86","$75.525,53"
"4","GASODUCTOS","4.01","GASODUCTOS","4.01.11","SUMINISTRO E INSTALACION DE TUBERIA DE POLIETILENO DE 2`` EN ASFALTO","ML","$5.402,15","$94.820,14"
"4","GASODUCTOS","4.01","GASODUCTOS","4.01.12","SUMINISTRO E INSTALACION DE TUBERIA DE POLIETILENO DE 2`` EN CONCRETO","ML","$5.402,15","$102.090,99"
"4","GASODUCTOS","4.01","GASODUCTOS","4.01.13","SUMINISTRO E INSTALACION DE TUBERIA DE POLIETILENO DE 2`` EN ZONA VERDE","ML","$21.915,53","$55.336,59"
"4","GASODUCTOS","4.01","GASODUCTOS","4.01.14","SUMINISTRO E INSTALACION DE TUBERIA DE POLIETILENO DE 3/4`` EN ANDEN TABLETA","ML","$30.509,86","$64.471,52"
"4","GASODUCTOS","4.01","GASODUCTOS","4.01.15","SUMINISTRO E INSTALACION DE TUBERIA DE POLIETILENO DE 3/4`` EN ASFALTO","ML","$4.726,88","$82.538,43"
"4","GASODUCTOS","4.01","GASODUCTOS","4.01.16","SUMINISTRO E INSTALACION DE TUBERIA DE POLIETILENO DE 3/4`` EN CONCRETO","ML","$4.726,88","$89.809,28"
"4","GASODUCTOS","4.01","GASODUCTOS","4.01.17","SUMINISTRO E INSTALACION DE TUBERIA DE POLIETILENO DE 3/4`` EN ZONA VERDE","ML","$21.915,53","$43.763,92"
"4","GASODUCTOS","4.01","GASODUCTOS","4.01.18","SUMINISTRO E INSTALACION DE TUBERIA DE POLIETILENO DE 3`` EN ANDEN TABLETA","ML","$30.509,86","$102.981,69"
"4","GASODUCTOS","4.01","GASODUCTOS","4.01.19","SUMINISTRO E INSTALACION DE TUBERIA DE POLIETILENO DE 3`` EN ASFALTO","ML","$4.726,88","$121.048,6"
"4","GASODUCTOS","4.01","GASODUCTOS","4.01.20","SUMINISTRO E INSTALACION DE TUBERIA DE POLIETILENO DE 3`` EN CONCRETO","ML","$4.726,88","$128.319,45"
"4","GASODUCTOS","4.01","GASODUCTOS","4.01.21","SUMINISTRO E INSTALACION DE TUBERIA DE POLIETILENO DE 3`` EN ZONA VERDE","ML","$21.915,53","$82.274,09"
"4","GASODUCTOS","4.01","GASODUCTOS","4.01.22","SUMINISTRO E INSTALACION DE TUBERIA DE POLIETILENO DE 4`` EN ANDEN TABLETA","ML","$30.509,86","$128.451,02"
"4","GASODUCTOS","4.01","GASODUCTOS","4.01.23","SUMINISTRO E INSTALACION DE TUBERIA DE POLIETILENO DE 4`` EN ASFALTO","ML","$4.726,88","$146.517,93"
"4","GASODUCTOS","4.01","GASODUCTOS","4.01.24","SUMINISTRO E INSTALACION DE TUBERIA DE POLIETILENO DE 4`` EN CONCRETO","ML","$4.726,88","$153.788,78"
"4","GASODUCTOS","4.01","GASODUCTOS","4.01.25","SUMINISTRO E INSTALACION DE TUBERIA DE POLIETILENO DE 4`` EN ZONA VERDE","ML","$21.915,53","$107.743,42"
"4","GASODUCTOS","4.01","GASODUCTOS","4.01.26","SUMINISTRO E INSTALACION DE TUBERIA DE POLIETILENO DE 6`` EN ANDEN TABLETA","ML","$32.535,66","$167.352,36"
"4","GASODUCTOS","4.01","GASODUCTOS","4.01.27","SUMINISTRO E INSTALACION DE TUBERIA DE POLIETILENO DE 6`` EN ASFALTO","ML","$13.505,37","$190.444,76"
"4","GASODUCTOS","4.01","GASODUCTOS","4.01.28","SUMINISTRO E INSTALACION DE TUBERIA DE POLIETILENO DE 6`` EN CONCRETO","ML","$5.402,15","$194.548,85"
"4","GASODUCTOS","4.01","GASODUCTOS","4.01.29","SUMINISTRO E INSTALACION DE TUBERIA DE POLIETILENO DE 6`` EN ZONA VERDE","ML","$23.941,33","$145.073,91"
"4","GASODUCTOS","4.01","GASODUCTOS","4.01.30","PUNTO GAS DE 1/2`` EN ACERO GALVANIZADO PRESION CALIBRE 40. ( INCLUYE ACCESORIOS DE INSTALACIÓN )","UND","$61.314,40","$82.738,98"
"5","SUELDOS Y SALARIOS","5.01","SUELDOS Y SALARIOS","5.01.01","ADMINISTRADOR (INCLUYE SALARIO BASE + FACTOR PRESTACIONAL DEL 72.81%)","mes","$2.599.965,00","$2.599.965"
"5","SUELDOS Y SALARIOS","5.01","SUELDOS Y SALARIOS","5.01.02","AUDITOR INTERNO DE CALIDAD (INCLUYE SALARIO BASE + FACTOR PRESTACIONAL DEL 72.81%)","mes","$4.328.807,00","$4.328.807"
"5","SUELDOS Y SALARIOS","5.01","SUELDOS Y SALARIOS","5.01.03","AUXILIAR ADMINISTRATIVO (INCLUYE SALARIO BASE + FACTOR PRESTACIONAL DEL 72.81%)","mes","$1.855.416,00","$1.855.416"
"5","SUELDOS Y SALARIOS","5.01","SUELDOS Y SALARIOS","5.01.04","AUXILIAR DE INGENIERIA (INCLUYE SALARIO BASE + FACTOR PRESTACIONAL DEL 72.81%)","mes","$2.355.753,00","$2.355.753"
"5","SUELDOS Y SALARIOS","5.01","SUELDOS Y SALARIOS","5.01.05","BATIMETRISTA AUXILIAR (INCLUYE SALARIO BASE + FACTOR PRESTACIONAL DEL 72.81%)","mes","$2.288.743,00","$2.288.743"
"5","SUELDOS Y SALARIOS","5.01","SUELDOS Y SALARIOS","5.01.06","BATIMETRISTA INPECTOR (INCLUYE SALARIO BASE + FACTOR PRESTACIONAL DEL 72.81%)","mes","$2.790.569,00","$2.790.569"
"5","SUELDOS Y SALARIOS","5.01","SUELDOS Y SALARIOS","5.01.07","CADENERO 1 (INCLUYE SALARIO BASE + FACTOR PRESTACIONAL DEL 72.81%)","mes","$1.733.310,00","$1.733.310"
"5","SUELDOS Y SALARIOS","5.01","SUELDOS Y SALARIOS","5.01.08","CADENERO 2 (INCLUYE SALARIO BASE + FACTOR PRESTACIONAL DEL 72.81%)","mes","$1.506.967,00","$1.506.967"
"5","SUELDOS Y SALARIOS","5.01","SUELDOS Y SALARIOS","5.01.09","DIBUJANTE 1 (INCLUYE SALARIO BASE + FACTOR PRESTACIONAL DEL 72.81%)","mes","$2.470.413,00","$2.470.413"
"5","SUELDOS Y SALARIOS","5.01","SUELDOS Y SALARIOS","5.01.10","DIBUJANTE 2 (INCLUYE SALARIO BASE + FACTOR PRESTACIONAL DEL 72.81%)","mes","$1.995.391,00","$1.995.391"
"5","SUELDOS Y SALARIOS","5.01","SUELDOS Y SALARIOS","5.01.11","DIRECTOR DE INTERVENTORIA (INCLUYE SALARIO BASE + FACTOR PRESTACIONAL DEL 72.81%)","mes","$9.906.968,00","$9.906.968"
"5","SUELDOS Y SALARIOS","5.01","SUELDOS Y SALARIOS","5.01.12","ESPECIALISTA AMBIENTAL (INCLUYE SALARIO BASE + FACTOR PRESTACIONAL DEL 72.81%)","mes","$7.119.377,00","$7.119.377"
"5","SUELDOS Y SALARIOS","5.01","SUELDOS Y SALARIOS","5.01.13","ESPECIALISTA EN ESTRUCTURAS (INCLUYE SALARIO BASE + FACTOR PRESTACIONAL DEL 72.81%)","mes","$7.119.377,00","$7.119.377"
"5","SUELDOS Y SALARIOS","5.01","SUELDOS Y SALARIOS","5.01.14","ESPECIALISTA EN PAVIMENTOS (INCLUYE SALARIO BASE + FACTOR PRESTACIONAL DEL 72.81%)","mes","$7.119.377,00","$7.119.377"
"5","SUELDOS Y SALARIOS","5.01","SUELDOS Y SALARIOS","5.01.15","ESPECIALISTA GEOTECNIA  (INCLUYE SALARIO BASE + FACTOR PRESTACIONAL DEL 72.81%)","mes","$7.119.377,00","$7.119.377"
"5","SUELDOS Y SALARIOS","5.01","SUELDOS Y SALARIOS","5.01.16","INGENIERO RESIDENTE (INCLUYE SALARIO BASE + FACTOR PRESTACIONAL DEL 72.81%)","mes","$6.419.501,00","$6.419.501"
"5","SUELDOS Y SALARIOS","5.01","SUELDOS Y SALARIOS","5.01.17","INSPECTOR 1 (INCLUYE SALARIO BASE + FACTOR PRESTACIONAL DEL 72.81%)","mes","$2.032.618,00","$2.032.618"
"5","SUELDOS Y SALARIOS","5.01","SUELDOS Y SALARIOS","5.01.18","INSPECTOR 2 (INCLUYE SALARIO BASE + FACTOR PRESTACIONAL DEL 72.81%)","mes","$1.830.101,00","$1.830.101"
"5","SUELDOS Y SALARIOS","5.01","SUELDOS Y SALARIOS","5.01.19","LABORATORISTA AUXILIAR (INCLUYE SALARIO BASE + FACTOR PRESTACIONAL DEL 72.81%)","mes","$1.733.310,00","$1.733.310"
"5","SUELDOS Y SALARIOS","5.01","SUELDOS Y SALARIOS","5.01.20","LABORATORISTA INSPECTOR (INCLUYE SALARIO BASE + FACTOR PRESTACIONAL DEL 72.81%)","mes","$2.473.391,00","$2.473.391"
"5","SUELDOS Y SALARIOS","5.01","SUELDOS Y SALARIOS","5.01.21","OPERADOR AUXILIAR DE EQUIPO (INCLUYE SALARIO BASE + FACTOR PRESTACIONAL DEL 72.81%)","mes","$1.486.120,00","$1.486.120"
"5","SUELDOS Y SALARIOS","5.01","SUELDOS Y SALARIOS","5.01.22","OPERADOR EQUIPO DE PERFORACION (INCLUYE SALARIO BASE + FACTOR PRESTACIONAL DEL 72.81%)","mes","$2.223.223,00","$2.223.223"
"5","SUELDOS Y SALARIOS","5.01","SUELDOS Y SALARIOS","5.01.23","PROFESIONAL CATEGORIA 1 (EXPERIENCIA PROFESIONAL MINIMO 12 AÑOS - EXPERIENCIA ESPECIFICA MINIMO 10 AÑOS) (INCLUYE SALARIO BASE + FACTOR PRESTACIONAL DEL 72.81%)","mes","$12.999.824,00","$12.999.824"
"5","SUELDOS Y SALARIOS","5.01","SUELDOS Y SALARIOS","5.01.24","PROFESIONAL CATEGORIA 2 (EXPERIENCIA PROFESIONAL MINIMO 10 AÑOS - EXPERIENCIA ESPECIFICA MINIMO 7 AÑOS) (INCLUYE SALARIO BASE + FACTOR PRESTACIONAL DEL 72.81%)","mes","$9.906.968,00","$9.906.968"
"5","SUELDOS Y SALARIOS","5.01","SUELDOS Y SALARIOS","5.01.25","PROFESIONAL CATEGORIA 3 (EXPERIENCIA PROFESIONAL MINIMO 8 AÑOS - EXPERIENCIA ESPECIFICA MINIMO 5 AÑOS) (INCLUYE SALARIO BASE + FACTOR PRESTACIONAL DEL 72.81%)","mes","$8.359.795,00","$8.359.795"
"5","SUELDOS Y SALARIOS","5.01","SUELDOS Y SALARIOS","5.01.26","PROFESIONAL CATEGORIA 4 (EXPERIENCIA PROFESIONAL MINIMO 6 AÑOS - EXPERIENCIA ESPECIFICA MINIMO 4 AÑOS) (INCLUYE SALARIO BASE + FACTOR PRESTACIONAL DEL 72.81%)","mes","$7.119.377,00","$7.119.377"
"5","SUELDOS Y SALARIOS","5.01","SUELDOS Y SALARIOS","5.01.27","PROFESIONAL CATEGORIA 5 (EXPERIENCIA PROFESIONAL MINIMO 4 AÑOS - EXPERIENCIA ESPECIFICA MINIMO 3 AÑOS) (INCLUYE SALARIO BASE + FACTOR PRESTACIONAL DEL 72.81%)","mes","$6.419.501,00","$6.419.501"
"5","SUELDOS Y SALARIOS","5.01","SUELDOS Y SALARIOS","5.01.28","PROFESIONAL CATEGORIA 6 (EXPERIENCIA PROFESIONAL MINIMO 3 AÑOS - EXPERIENCIA ESPECIFICA MINIMO 1 AÑO) (INCLUYE SALARIO BASE + FACTOR PRESTACIONAL DEL 72.81%)","mes","$5.725.581,00","$5.725.581"
"5","SUELDOS Y SALARIOS","5.01","SUELDOS Y SALARIOS","5.01.29","PROFESIONAL CATEGORIA 7 (EXPERIENCIA PROFESIONAL MINIMO 2 AÑOS) (INCLUYE SALARIO BASE + FACTOR PRESTACIONAL DEL 72.81%)","mes","$4.328.807,00","$4.328.807"
"5","SUELDOS Y SALARIOS","5.01","SUELDOS Y SALARIOS","5.01.30","PROFESIONAL CATEGORIA 8 (EXPERIENCIA PROFESIONAL HASTA 2 AÑOS) (INCLUYE SALARIO BASE + FACTOR PRESTACIONAL DEL 72.81%)","mes","$4.084.595,00","$4.084.595"
"5","SUELDOS Y SALARIOS","5.01","SUELDOS Y SALARIOS","5.01.31","PROFESIONAL DE ASEGURAMIENTO O GESTION DE CALIDAD (INCLUYE SALARIO BASE + FACTOR PRESTACIONAL DEL 72.81%)","mes","$4.328.807,00","$4.328.807"
"5","SUELDOS Y SALARIOS","5.01","SUELDOS Y SALARIOS","5.01.32","SECRETARIA 1 (INCLUYE SALARIO BASE + FACTOR PRESTACIONAL DEL 72.81%)","mes","$1.506.967,00","$1.506.967"
"5","SUELDOS Y SALARIOS","5.01","SUELDOS Y SALARIOS","5.01.33","SECRETARIA 2 (INCLUYE SALARIO BASE + FACTOR PRESTACIONAL DEL 72.81%)","mes","$1.255.309,00","$1.255.309"
"5","SUELDOS Y SALARIOS","5.01","SUELDOS Y SALARIOS","5.01.34","SECRETARIA O MOTORISTA (INCLUYE SALARIO BASE + FACTOR PRESTACIONAL DEL 72.81%)","mes","$1.255.309,00","$1.255.309"
"5","SUELDOS Y SALARIOS","5.01","SUELDOS Y SALARIOS","5.01.35","TECNOLOGO EN AREAS DE INGENIERIA (INCLUYE SALARIO BASE + FACTOR PRESTACIONAL DEL 72.81%)","mes","$2.677.398,00","$2.677.398"
"5","SUELDOS Y SALARIOS","5.01","SUELDOS Y SALARIOS","5.01.37","TOPÓGRAFO INSPECTOR (INCLUYE SALARIO BASE + FACTOR PRESTACIONAL DEL 72.81%)","mes","$2.790.569,00","$2.790.569"
"6","ANALISIS BASICOS","6.01","MORTEROS","6.01.01","LECHADA PARA DUCTOS","lt","$7,23","$315,67"
"6","ANALISIS BASICOS","6.01","MORTEROS","6.01.02","MORTERO 1:2","M3","$45.186,65","$501.767,9"
"6","ANALISIS BASICOS","6.01","MORTEROS","6.01.03","MORTERO 1:3","M3","$45.186,65","$470.829,15"
"6","ANALISIS BASICOS","6.01","MORTEROS","6.01.04","MORTERO 1:3 IMPERMEABILIZADO","M3","$45.186,65","$586.929,15"
"6","ANALISIS BASICOS","6.01","MORTEROS","6.01.05","MORTERO 1:4","M3","$45.186,65","$409.741,65"
"6","ANALISIS BASICOS","6.01","MORTEROS","6.01.06","MORTERO 1:5","M3","$45.186,65","$365.704,15"
"6","ANALISIS BASICOS","6.01","MORTEROS","6.01.07","MORTERO 1:6","M3","$45.186,65","$336.476,65"
"6","ANALISIS BASICOS","6.01","MORTEROS","6.01.08","MORTERO DE PEGA PARA BLOQUE 1:3","M3","$45.186,65","$470.007,9"
"6","ANALISIS BASICOS","6.01","MORTEROS","6.01.09","MORTERO RELLENO GRUESO DOVELAS BLOQUE","M3","$45.186,65","$407.136,65"
"6","ANALISIS BASICOS","6.02","CONCRETOS","6.02.01","CONCRETO (1500 PSI)","M3","$69.741,87","$378.413,54"
"6","ANALISIS BASICOS","6.02","CONCRETOS","6.02.02","CONCRETO 1:2:2 24.5 MPa (3500 PSI)","M3","$69.741,87","$520.986,7"
"6","ANALISIS BASICOS","6.02","CONCRETOS","6.02.03","CONCRETO 1:2:4 17.5 MPa (2500 PSI)","M3","$69.741,87","$450.245,66"
"6","ANALISIS BASICOS","6.02","CONCRETOS","6.02.04","CONCRETO 1:3:5 14 MPa (2000 PSI)","M3","$69.741,87","$426.702,51"
"6","ANALISIS BASICOS","6.02","CONCRETOS","6.02.05","CONCRETO 1:4:7 - 10.1 MPa - (1560 PSI) -  (HECHO EN OBRA)","M3","$69.741,87","$378.413,54"
"6","ANALISIS BASICOS","6.02","CONCRETOS","6.02.06","CONCRETO CLASE C 28 MPa (4000 PSI)","M3","$69.741,87","$543.324,7"
"6","ANALISIS BASICOS","6.02","CONCRETOS","6.02.07","CONCRETO CLASE D 21 MPa (3000 PSI)","M3","$69.741,87","$475.506,98"
"6","ANALISIS BASICOS","6.02","CONCRETOS","6.02.08","CONCRETO CLASE F 14 MPa (2000 PSI)","M3","$69.741,87","$426.702,51"
"6","ANALISIS BASICOS","6.02","CONCRETOS","6.02.09","CONCRETO CLASE G 14 MPa (2000 PSI) CICLOPEO","M3","$70.491,17","$358.711,93"
"6","ANALISIS BASICOS","6.02","CONCRETOS","6.02.10","CONCRETO DE 21 MPa - (3000 PSI)  IMPERMEABILIZADO","M3","$0,00","$525.086"
"6","ANALISIS BASICOS","6.02","CONCRETOS","6.02.11","CONCRETO SIMPLE DE 28 MPa - (4000 PSI)   IMPERMEABILIZADO","M3","$0,00","$598.074,17"
"6","ANALISIS BASICOS","6.03","HIERRO","6.03.01","SUMINISTRO FIGURADA Y AMARRE DE ACERO 37000 PSI 240 MPa","kg","$833,09","$4.170,69"
"6","ANALISIS BASICOS","6.03","HIERRO","6.03.02","SUMINISTRO FIGURADA Y AMARRE DE ACERO 60000 PSI 420 MPa","kg","$1.004,41","$4.427,28"
"6","ANALISIS BASICOS","6.04","MAMPOSTERIA","6.04.01","MAMPOSTERÍA LADRILLO TOLETE COMUN E=0.25 M (T.C.)","M2","$51.631,51","$142.134,84"
"6","ANALISIS BASICOS","6.04","MAMPOSTERIA","6.04.02","MURO PANDERETA SANTA FE 5.5CM","M2","$21.117,49","$50.090,78"
"6","ANALISIS BASICOS","6.04","MAMPOSTERIA","6.04.03","MURO TOLETE  COMUN E= 0.12 M PARA SUMIDEROS","M2","$18.416,42","$79.038,99"
